Price,Close,Close,High,High,Low,Low,Open,Open,Volume,Volume
Ticker,^IRX,^VIX,^IRX,^VIX,^IRX,^VIX,^IRX,^VIX,^IRX,^VIX
Date,,,,,,,,,,
2019-01-02,2.365000009536743,23.219999313354492,2.4000000953674316,28.530000686645508,2.359999895095825,23.049999237060547,2.3949999809265137,27.540000915527344,0,0
2019-01-03,2.3550000190734863,25.450000762939453,2.368000030517578,26.600000381469727,2.3550000190734863,24.049999237060547,2.36299991607666,25.68000030517578,0,0
2019-01-04,2.3580000400543213,21.3799991607666,2.372999906539917,24.479999542236328,2.3580000400543213,21.190000534057617,2.3580000400543213,24.360000610351562,0,0
2019-01-07,2.3529999256134033,21.399999618530273,2.369999885559082,22.709999084472656,2.3529999256134033,20.90999984741211,2.3550000190734863,22.059999465942383,0,0
2019-01-08,2.4000000953674316,20.469999313354492,2.4030001163482666,22.030000686645508,2.388000011444092,20.09000015258789,2.3949999809265137,20.959999084472656,0,0
2019-01-09,2.390000104904175,19.979999542236328,2.4030001163482666,22.799999237060547,2.390000104904175,19.479999542236328,2.4000000953674316,20.440000534057617,0,0
2019-01-10,2.375,19.5,2.388000011444092,21.31999969482422,2.375,19.290000915527344,2.380000114440918,20.979999542236328,0,0
2019-01-11,2.369999885559082,18.190000534057617,2.372999906539917,20.15999984741211,2.365000009536743,18.1200008392334,2.369999885559082,19.68000030517578,0,0
2019-01-14,2.359999895095825,19.06999969482422,2.369999885559082,20.270000457763672,2.3580000400543213,18.700000762939453,2.365000009536743,19.84000015258789,0,0
2019-01-15,2.382999897003174,18.600000381469727,2.384999990463257,19.200000762939453,2.382999897003174,17.979999542236328,2.384999990463257,18.530000686645508,0,0
2019-01-16,2.36299991607666,19.040000915527344,2.378000020980835,19.040000915527344,2.36299991607666,17.760000228881836,2.378000020980835,18.079999923706055,0,0
2019-01-17,2.3550000190734863,18.059999465942383,2.365000009536743,19.719999313354492,2.3529999256134033,17.850000381469727,2.359999895095825,19.510000228881836,0,0
2019-01-18,2.3480000495910645,17.799999237060547,2.3550000190734863,18.18000030517578,2.3450000286102295,17.170000076293945,2.3550000190734863,17.799999237060547,0,0
2019-01-22,2.3450000286102295,20.799999237060547,2.3550000190734863,21.149999618530273,2.3429999351501465,18.200000762939453,2.3499999046325684,18.530000686645508,0,0
2019-01-23,2.3529999256134033,19.520000457763672,2.372999906539917,22.020000457763672,2.3529999256134033,19.469999313354492,2.372999906539917,20.850000381469727,0,0
2019-01-24,2.305000066757202,18.889999389648438,2.3499999046325684,20.25,2.305000066757202,18.6299991607666,2.3450000286102295,19.690000534057617,0,0
2019-01-25,2.328000068664551,17.420000076293945,2.3329999446868896,18.459999084472656,2.315000057220459,17.309999465942383,2.315000057220459,18.43000030517578,0,0
2019-01-28,2.3329999446868896,18.8700008392334,2.3380000591278076,20.420000076293945,2.3299999237060547,18.420000076293945,2.3329999446868896,18.559999465942383,0,0
2019-01-29,2.365000009536743,19.1299991607666,2.365000009536743,19.93000030517578,2.36299991607666,18.420000076293945,2.365000009536743,19.450000762939453,0,0
2019-01-30,2.365000009536743,17.65999984741211,2.375,19.309999465942383,2.365000009536743,17.540000915527344,2.365000009536743,19.149999618530273,0,0
2019-01-31,2.3399999141693115,16.56999969482422,2.359999895095825,17.719999313354492,2.3399999141693115,16.540000915527344,2.3550000190734863,17.389999389648438,0,0
2019-02-01,2.3399999141693115,16.139999389648438,2.3450000286102295,16.829999923706055,2.3399999141693115,16.079999923706055,2.3399999141693115,16.6299991607666,0,0
2019-02-04,2.3350000381469727,15.729999542236328,2.3399999141693115,16.729999542236328,2.3350000381469727,15.600000381469727,2.3399999141693115,16.719999313354492,0,0
2019-02-05,2.365000009536743,15.569999694824219,2.369999885559082,15.9399995803833,2.36299991607666,15.039999961853027,2.368000030517578,15.789999961853027,0,0
2019-02-06,2.365000009536743,15.380000114440918,2.365000009536743,15.869999885559082,2.3580000400543213,15.09000015258789,2.359999895095825,15.4399995803833,0,0
2019-02-07,2.3550000190734863,16.3700008392334,2.36299991607666,17.889999389648438,2.3480000495910645,15.510000228881836,2.3480000495910645,15.65999984741211,0,0
2019-02-08,2.365000009536743,15.720000267028809,2.368000030517578,17.6299991607666,2.3550000190734863,15.619999885559082,2.3550000190734863,16.809999465942383,0,0
2019-02-11,2.375,15.970000267028809,2.382999897003174,16.5,2.368000030517578,15.34000015258789,2.368000030517578,16.170000076293945,0,0
2019-02-12,2.378000020980835,15.430000305175781,2.388000011444092,15.649999618530273,2.378000020980835,14.949999809265137,2.388000011444092,15.229999542236328,0,0
2019-02-13,2.372999906539917,15.649999618530273,2.378000020980835,15.90999984741211,2.372999906539917,15.0,2.375,15.460000038146973,0,0
2019-02-14,2.372999906539917,16.219999313354492,2.375,17.270000457763672,2.369999885559082,15.300000190734863,2.372999906539917,15.609999656677246,0,0
2019-02-15,2.369999885559082,14.90999984741211,2.372999906539917,16.81999969482422,2.369999885559082,14.789999961853027,2.369999885559082,16.81999969482422,0,0
2019-02-19,2.372999906539917,14.880000114440918,2.372999906539917,16.15999984741211,2.365000009536743,14.640000343322754,2.372999906539917,15.649999618530273,0,0
2019-02-20,2.382999897003174,14.020000457763672,2.382999897003174,15.1899995803833,2.380000114440918,13.989999771118164,2.380000114440918,14.920000076293945,0,0
2019-02-21,2.3949999809265137,14.460000038146973,2.3949999809265137,15.170000076293945,2.382999897003174,13.850000381469727,2.382999897003174,14.0,0,0
2019-02-22,2.3929998874664307,13.510000228881836,2.3949999809265137,14.470000267028809,2.388000011444092,13.510000228881836,2.3929998874664307,14.460000038146973,0,0
2019-02-25,2.3929998874664307,14.850000381469727,2.3980000019073486,14.899999618530273,2.388000011444092,13.4399995803833,2.3929998874664307,13.90999984741211,0,0
2019-02-26,2.4000000953674316,15.170000076293945,2.4000000953674316,15.279999732971191,2.3980000019073486,14.520000457763672,2.3980000019073486,15.15999984741211,0,0
2019-02-27,2.3929998874664307,14.699999809265137,2.4000000953674316,16.170000076293945,2.3929998874664307,14.699999809265137,2.3980000019073486,15.529999732971191,0,0
2019-02-28,2.382999897003174,14.779999732971191,2.390000104904175,15.239999771118164,2.380000114440918,14.390000343322754,2.388000011444092,15.170000076293945,0,0
2019-03-01,2.378000020980835,13.569999694824219,2.388000011444092,14.84000015258789,2.378000020980835,13.40999984741211,2.384999990463257,14.569999694824219,0,0
2019-03-04,2.375,14.630000114440918,2.384999990463257,16.979999542236328,2.375,13.380000114440918,2.378000020980835,13.770000457763672,0,0
2019-03-05,2.4000000953674316,14.739999771118164,2.4049999713897705,15.390000343322754,2.4000000953674316,14.260000228881836,2.4000000953674316,14.520000457763672,0,0
2019-03-06,2.4049999713897705,15.739999771118164,2.4049999713897705,16.110000610351562,2.4030001163482666,14.739999771118164,2.4049999713897705,14.90999984741211,0,0
2019-03-07,2.3949999809265137,16.59000015258789,2.4000000953674316,17.809999465942383,2.3949999809265137,15.539999961853027,2.3949999809265137,16.329999923706055,0,0
2019-03-08,2.3929998874664307,16.049999237060547,2.3949999809265137,18.329999923706055,2.390000104904175,16.020000457763672,2.3949999809265137,17.3799991607666,0,0
2019-03-11,2.380000114440918,14.329999923706055,2.3929998874664307,16.43000030517578,2.380000114440918,14.329999923706055,2.3929998874664307,16.280000686645508,0,0
2019-03-12,2.3949999809265137,13.770000457763672,2.3949999809265137,14.699999809265137,2.3929998874664307,13.609999656677246,2.3949999809265137,13.970000267028809,0,0
2019-03-13,2.388000011444092,13.40999984741211,2.3949999809265137,14.050000190734863,2.388000011444092,13.25,2.3929998874664307,14.0,0,0
2019-03-14,2.388000011444092,13.5,2.3929998874664307,13.84000015258789,2.384999990463257,13.15999984741211,2.388000011444092,13.350000381469727,0,0
2019-03-15,2.388000011444092,12.880000114440918,2.390000104904175,13.279999732971191,2.384999990463257,12.5,2.388000011444092,13.210000038146973,0,0
2019-03-18,2.384999990463257,13.100000381469727,2.390000104904175,13.800000190734863,2.384999990463257,13.0,2.388000011444092,13.130000114440918,0,0
2019-03-19,2.4049999713897705,13.5600004196167,2.4049999713897705,13.770000457763672,2.3980000019073486,12.369999885559082,2.3980000019073486,12.890000343322754,0,0
2019-03-20,2.4079999923706055,13.90999984741211,2.4149999618530273,14.300000190734863,2.3980000019073486,13.050000190734863,2.4049999713897705,13.539999961853027,0,0
2019-03-21,2.4079999923706055,13.630000114440918,2.4179999828338623,14.5600004196167,2.4030001163482666,13.260000228881836,2.4030001163482666,14.109999656677246,0,0
2019-03-22,2.3980000019073486,16.479999542236328,2.4079999923706055,17.520000457763672,2.3949999809265137,13.619999885559082,2.4049999713897705,13.770000457763672,0,0
2019-03-25,2.390000104904175,16.329999923706055,2.4000000953674316,17.850000381469727,2.390000104904175,16.260000228881836,2.4000000953674316,17.760000228881836,0,0
2019-03-26,2.4049999713897705,14.680000305175781,2.4049999713897705,16.299999237060547,2.4030001163482666,14.670000076293945,2.4030001163482666,16.219999313354492,0,0
2019-03-27,2.378000020980835,15.149999618530273,2.4030001163482666,16.709999084472656,2.375,14.510000228881836,2.3980000019073486,14.520000457763672,0,0
2019-03-28,2.369999885559082,14.430000305175781,2.378000020980835,15.619999885559082,2.368000030517578,14.40999984741211,2.372999906539917,15.380000114440918,0,0
2019-03-29,2.328000068664551,13.710000038146973,2.36299991607666,14.430000305175781,2.328000068664551,13.640000343322754,2.36299991607666,14.1899995803833,0,0
2019-04-01,2.322999954223633,13.399999618530273,2.3450000286102295,14.010000228881836,2.319999933242798,13.319999694824219,2.3429999351501465,13.899999618530273,0,0
2019-04-02,2.369999885559082,13.359999656677246,2.372999906539917,13.680000305175781,2.36299991607666,13.130000114440918,2.36299991607666,13.619999885559082,0,0
2019-04-03,2.372999906539917,13.739999771118164,2.378000020980835,14.270000457763672,2.369999885559082,12.850000381469727,2.375,13.0600004196167,0,0
2019-04-04,2.369999885559082,13.579999923706055,2.378000020980835,14.029999732971191,2.369999885559082,13.399999618530273,2.369999885559082,13.84000015258789,0,0
2019-04-05,2.369999885559082,12.819999694824219,2.375,13.470000267028809,2.369999885559082,12.170000076293945,2.369999885559082,13.460000038146973,0,0
2019-04-08,2.365000009536743,13.180000305175781,2.369999885559082,13.770000457763672,2.365000009536743,13.100000381469727,2.369999885559082,13.550000190734863,0,0
2019-04-09,2.365000009536743,14.279999732971191,2.365000009536743,14.390000343322754,2.365000009536743,13.3100004196167,2.365000009536743,13.460000038146973,0,0
2019-04-10,2.36299991607666,13.300000190734863,2.365000009536743,14.289999961853027,2.359999895095825,13.270000457763672,2.365000009536743,14.09000015258789,0,0
2019-04-11,2.365000009536743,13.020000457763672,2.365000009536743,13.579999923706055,2.359999895095825,12.90999984741211,2.359999895095825,13.369999885559082,0,0
2019-04-12,2.375,12.010000228881836,2.375,12.960000038146973,2.365000009536743,11.949999809265137,2.365000009536743,12.960000038146973,0,0
2019-04-15,2.359999895095825,12.319999694824219,2.375,13.140000343322754,2.359999895095825,12.239999771118164,2.372999906539917,12.460000038146973,0,0
2019-04-16,2.378000020980835,12.180000305175781,2.380000114440918,12.470000267028809,2.372999906539917,11.850000381469727,2.372999906539917,12.260000228881836,0,0
2019-04-17,2.380000114440918,12.600000381469727,2.390000104904175,13.020000457763672,2.380000114440918,11.029999732971191,2.380000114440918,12.119999885559082,0,0
2019-04-18,2.365000009536743,12.09000015258789,2.372999906539917,13.119999885559082,2.365000009536743,12.020000457763672,2.369999885559082,12.800000190734863,0,0
2019-04-22,2.375,12.420000076293945,2.378000020980835,13.359999656677246,2.368000030517578,12.380000114440918,2.368000030517578,13.210000038146973,0,0
2019-04-23,2.390000104904175,12.279999732971191,2.390000104904175,12.6899995803833,2.384999990463257,12.079999923706055,2.388000011444092,12.65999984741211,0,0
2019-04-24,2.375,13.140000343322754,2.380000114440918,13.229999542236328,2.375,12.260000228881836,2.380000114440918,12.529999732971191,0,0
2019-04-25,2.365000009536743,13.25,2.365000009536743,14.300000190734863,2.359999895095825,12.8100004196167,2.365000009536743,13.289999961853027,0,0
2019-04-26,2.359999895095825,12.729999542236328,2.36299991607666,13.619999885559082,2.3580000400543213,12.489999771118164,2.36299991607666,13.4399995803833,0,0
2019-04-29,2.359999895095825,13.109999656677246,2.365000009536743,13.270000457763672,2.359999895095825,12.649999618530273,2.359999895095825,13.039999961853027,0,0
2019-04-30,2.368000030517578,13.119999885559082,2.375,14.050000190734863,2.368000030517578,12.880000114440918,2.375,13.109999656677246,0,0
2019-05-01,2.36299991607666,14.800000190734863,2.372999906539917,14.829999923706055,2.3450000286102295,12.739999771118164,2.369999885559082,12.859999656677246,0,0
2019-05-02,2.372999906539917,14.420000076293945,2.372999906539917,15.920000076293945,2.359999895095825,13.800000190734863,2.359999895095825,14.350000381469727,0,0
2019-05-03,2.368000030517578,12.869999885559082,2.369999885559082,14.149999618530273,2.365000009536743,12.800000190734863,2.369999885559082,14.109999656677246,0,0
2019-05-06,2.36299991607666,15.4399995803833,2.365000009536743,18.799999237060547,2.359999895095825,12.890000343322754,2.359999895095825,12.890000343322754,0,0
2019-05-07,2.368000030517578,19.31999969482422,2.372999906539917,21.84000015258789,2.368000030517578,15.800000190734863,2.369999885559082,15.899999618530273,0,0
2019-05-08,2.369999885559082,19.399999618530273,2.369999885559082,21.739999771118164,2.368000030517578,18.290000915527344,2.368000030517578,18.950000762939453,0,0
2019-05-09,2.369999885559082,19.100000381469727,2.369999885559082,23.3799991607666,2.365000009536743,18.8700008392334,2.368000030517578,21.399999618530273,0,0
2019-05-10,2.369999885559082,16.040000915527344,2.369999885559082,20.190000534057617,2.365000009536743,15.569999694824219,2.368000030517578,18.790000915527344,0,0
2019-05-13,2.3499999046325684,20.549999237060547,2.359999895095825,21.31999969482422,2.3499999046325684,18.350000381469727,2.359999895095825,18.6200008392334,0,0
2019-05-14,2.3529999256134033,18.059999465942383,2.3550000190734863,19.649999618530273,2.3499999046325684,17.450000762939453,2.3499999046325684,19.399999618530273,0,0
2019-05-15,2.3499999046325684,16.440000534057617,2.3550000190734863,19.149999618530273,2.3480000495910645,16.40999984741211,2.3480000495910645,17.56999969482422,0,0
2019-05-16,2.3380000591278076,15.289999961853027,2.3450000286102295,17.1299991607666,2.3380000591278076,15.15999984741211,2.3450000286102295,16.690000534057617,0,0
2019-05-17,2.3299999237060547,15.960000038146973,2.3350000381469727,16.809999465942383,2.328000068664551,14.859999656677246,2.3350000381469727,15.890000343322754,0,0
2019-05-20,2.319999933242798,16.309999465942383,2.328000068664551,17.6299991607666,2.319999933242798,15.460000038146973,2.328000068664551,15.880000114440918,0,0
2019-05-21,2.3299999237060547,14.949999809265137,2.3329999446868896,16.219999313354492,2.3299999237060547,14.789999961853027,2.3299999237060547,15.859999656677246,0,0
2019-05-22,2.319999933242798,14.75,2.3299999237060547,15.4399995803833,2.319999933242798,14.420000076293945,2.3299999237060547,15.0600004196167,0,0
2019-05-23,2.302999973297119,16.920000076293945,2.309999942779541,18.049999237060547,2.302999973297119,15.279999732971191,2.309999942779541,15.930000305175781,0,0
2019-05-24,2.2880001068115234,15.850000381469727,2.305000066757202,16.520000457763672,2.2880001068115234,15.520000457763672,2.302999973297119,16.34000015258789,0,0
2019-05-28,2.2980000972747803,17.5,2.302999973297119,17.700000762939453,2.2899999618530273,15.899999618530273,2.2899999618530273,16.549999237060547,0,0
2019-05-29,2.2980000972747803,17.899999618530273,2.299999952316284,19.040000915527344,2.2950000762939453,17.6200008392334,2.2980000972747803,18.549999237060547,0,0
2019-05-30,2.309999942779541,17.299999237060547,2.309999942779541,18.110000610351562,2.299999952316284,16.719999313354492,2.299999952316284,17.469999313354492,0,0
2019-05-31,2.2929999828338623,18.709999084472656,2.2950000762939453,19.719999313354492,2.2899999618530273,18.010000228881836,2.2929999828338623,19.049999237060547,0,0
2019-06-03,2.2799999713897705,18.860000610351562,2.2829999923706055,19.75,2.2750000953674316,18.15999984741211,2.2799999713897705,19.40999984741211,0,0
2019-06-04,2.2950000762939453,16.969999313354492,2.299999952316284,18.739999771118164,2.2929999828338623,16.969999313354492,2.2950000762939453,18.739999771118164,0,0
2019-06-05,2.2850000858306885,16.09000015258789,2.2850000858306885,17.489999771118164,2.2780001163482666,16.040000915527344,2.2829999923706055,17.059999465942383,0,0
2019-06-06,2.255000114440918,15.930000305175781,2.2780001163482666,16.540000915527344,2.247999906539917,15.359999656677246,2.2780001163482666,16.25,0,0
2019-06-07,2.2149999141693115,16.299999237060547,2.253000020980835,16.440000534057617,2.203000068664551,15.329999923706055,2.253000020980835,15.649999618530273,0,0
2019-06-10,2.2200000286102295,15.9399995803833,2.2279999256134033,16.469999313354492,2.2200000286102295,15.84000015258789,2.2279999256134033,16.299999237060547,0,0
2019-06-11,2.2130000591278076,15.989999771118164,2.2279999256134033,16.700000762939453,2.2130000591278076,15.5,2.2249999046325684,15.84000015258789,0,0
2019-06-12,2.1649999618530273,15.90999984741211,2.2049999237060547,16.43000030517578,2.1600000858306885,15.779999732971191,2.203000068664551,16.260000228881836,0,0
2019-06-13,2.140000104904175,15.819999694824219,2.1630001068115234,16.209999084472656,2.138000011444092,15.609999656677246,2.1630001068115234,16.15999984741211,0,0
2019-06-14,2.125,15.279999732971191,2.1429998874664307,16.399999618530273,2.119999885559082,15.210000038146973,2.130000114440918,16.0,0,0
2019-06-17,2.138000011444092,15.350000381469727,2.138000011444092,15.760000228881836,2.125,15.239999771118164,2.125,15.649999618530273,0,0
2019-06-18,2.1679999828338623,15.149999618530273,2.1700000762939453,15.539999961853027,2.1630001068115234,14.619999885559082,2.1630001068115234,14.890000343322754,0,0
2019-06-19,2.125,14.329999923706055,2.1679999828338623,15.710000038146973,2.119999885559082,14.149999618530273,2.1649999618530273,15.050000190734863,0,0
2019-06-20,2.078000068664551,14.75,2.1050000190734863,16.030000686645508,2.069999933242798,13.1899995803833,2.0899999141693115,14.039999961853027,0,0
2019-06-21,2.055000066757202,15.399999618530273,2.069999933242798,15.479999542236328,2.055000066757202,14.420000076293945,2.069999933242798,14.739999771118164,0,0
2019-06-24,2.058000087738037,15.260000228881836,2.065000057220459,15.5600004196167,2.058000087738037,15.229999542236328,2.058000087738037,15.460000038146973,0,0
2019-06-25,2.0829999446868896,16.280000686645508,2.0850000381469727,16.68000030517578,2.069999933242798,15.100000381469727,2.072999954223633,15.430000305175781,0,0
2019-06-26,2.0929999351501465,16.209999084472656,2.0980000495910645,16.600000381469727,2.0850000381469727,15.470000267028809,2.0850000381469727,16.100000381469727,0,0
2019-06-27,2.0850000381469727,15.819999694824219,2.0950000286102295,16.399999618530273,2.0829999446868896,15.65999984741211,2.0880000591278076,15.65999984741211,0,0
2019-06-28,2.0350000858306885,15.079999923706055,2.075000047683716,16.1299991607666,2.0350000858306885,15.079999923706055,2.075000047683716,15.699999809265137,0,0
2019-07-01,2.065000057220459,14.0600004196167,2.069999933242798,14.640000343322754,2.052999973297119,13.800000190734863,2.055000066757202,13.850000381469727,0,0
2019-07-02,2.1480000019073486,12.930000305175781,2.1480000019073486,14.300000190734863,2.125,12.899999618530273,2.1429998874664307,14.15999984741211,0,0
2019-07-03,2.1500000953674316,12.569999694824219,2.1500000953674316,13.1899995803833,2.140000104904175,12.5600004196167,2.140000104904175,13.180000305175781,0,0
2019-07-05,2.1630001068115234,13.279999732971191,2.174999952316284,14.470000267028809,2.1429998874664307,12.039999961853027,2.1429998874664307,13.0,0,0
2019-07-08,2.177999973297119,13.960000038146973,2.180000066757202,14.4399995803833,2.1579999923706055,13.640000343322754,2.1600000858306885,13.729999542236328,0,0
2019-07-09,2.194999933242798,14.09000015258789,2.2079999446868896,14.710000038146973,2.194999933242798,13.989999771118164,2.200000047683716,14.470000267028809,0,0
2019-07-10,2.130000114440918,13.029999732971191,2.203000068664551,14.6899995803833,2.125,12.979999542236328,2.203000068664551,14.380000114440918,0,0
2019-07-11,2.0980000495910645,12.930000305175781,2.118000030517578,13.329999923706055,2.0929999351501465,12.390000343322754,2.0980000495910645,13.010000228881836,0,0
2019-07-12,2.0899999141693115,12.390000343322754,2.0950000286102295,12.819999694824219,2.0880000591278076,12.279999732971191,2.0899999141693115,12.760000228881836,0,0
2019-07-15,2.0850000381469727,12.680000305175781,2.0929999351501465,13.020000457763672,2.0850000381469727,12.489999771118164,2.0880000591278076,12.579999923706055,0,0
2019-07-16,2.1029999256134033,12.859999656677246,2.1050000190734863,13.140000343322754,2.0999999046325684,12.279999732971191,2.1029999256134033,12.609999656677246,0,0
2019-07-17,2.072999954223633,13.970000267028809,2.0980000495910645,13.970000267028809,2.072999954223633,12.239999771118164,2.0980000495910645,12.619999885559082,0,0
2019-07-18,2.013000011444092,13.529999732971191,2.065000057220459,14.5,2.013000011444092,13.1899995803833,2.065000057220459,14.449999809265137,0,0
2019-07-19,2.013000011444092,14.449999809265137,2.0199999809265137,14.449999809265137,1.9930000305175781,13.09000015258789,2.003000020980835,13.3100004196167,0,0
2019-07-22,2.0250000953674316,13.529999732971191,2.0329999923706055,14.699999809265137,2.015000104904175,13.420000076293945,2.0329999923706055,14.550000190734863,0,0
2019-07-23,2.0329999923706055,12.609999656677246,2.0380001068115234,13.520000457763672,2.0280001163482666,12.550000190734863,2.0329999923706055,13.420000076293945,0,0
2019-07-24,2.0399999618530273,12.069999694824219,2.0429999828338623,13.100000381469727,2.0299999713897705,11.979999542236328,2.0329999923706055,12.800000190734863,0,0
2019-07-25,2.059999942779541,12.739999771118164,2.059999942779541,13.539999961853027,2.0329999923706055,11.6899995803833,2.0380001068115234,12.239999771118164,0,0
2019-07-26,2.062999963760376,12.15999984741211,2.062999963760376,12.720000267028809,2.049999952316284,12.010000228881836,2.052999973297119,12.579999923706055,0,0
2019-07-29,2.049999952316284,12.829999923706055,2.072999954223633,13.170000076293945,2.049999952316284,12.149999618530273,2.065000057220459,12.149999618530273,0,0
2019-07-30,2.0399999618530273,13.9399995803833,2.058000087738037,14.180000305175781,2.0380001068115234,12.869999885559082,2.052999973297119,12.869999885559082,0,0
2019-07-31,2.0299999713897705,16.1200008392334,2.0350000858306885,16.549999237060547,1.968000054359436,13.460000038146973,2.0280001163482666,13.829999923706055,0,0
2019-08-01,2.0299999713897705,17.8700008392334,2.0480000972747803,19.459999084472656,2.0199999809265137,13.729999542236328,2.0230000019073486,15.40999984741211,0,0
2019-08-02,2.0,17.610000610351562,2.0199999809265137,20.110000610351562,1.9980000257492065,17.040000915527344,2.0179998874664307,17.690000534057617,0,0
2019-08-05,1.9529999494552612,24.59000015258789,1.9780000448226929,24.809999465942383,1.9529999494552612,19.90999984741211,1.9780000448226929,19.959999084472656,0,0
2019-08-06,1.9950000047683716,20.170000076293945,1.9980000257492065,22.8700008392334,1.9880000352859497,19.770000457763672,1.9900000095367432,22.290000915527344,0,0
2019-08-07,1.968000054359436,19.489999771118164,1.975000023841858,23.670000076293945,1.9630000591278076,18.940000534057617,1.9730000495910645,20.700000762939453,0,0
2019-08-08,1.9700000286102295,16.90999984741211,1.9850000143051147,19.889999389648438,1.9700000286102295,16.81999969482422,1.9730000495910645,19.360000610351562,0,0
2019-08-09,1.9500000476837158,17.969999313354492,1.9630000591278076,19.440000534057617,1.9429999589920044,17.309999465942383,1.9630000591278076,18.139999389648438,0,0
2019-08-12,1.9279999732971191,21.09000015258789,1.9500000476837158,21.260000228881836,1.9279999732971191,17.770000457763672,1.9450000524520874,17.8700008392334,0,0
2019-08-13,1.9550000429153442,17.520000457763672,1.9579999446868896,21.639999389648438,1.937999963760376,17.520000457763672,1.940000057220459,21.280000686645508,0,0
2019-08-14,1.9079999923706055,22.100000381469727,1.937999963760376,22.709999084472656,1.899999976158142,17.75,1.937999963760376,17.809999465942383,0,0
2019-08-15,1.843000054359436,21.18000030517578,1.8830000162124634,24.100000381469727,1.843000054359436,20.780000686645508,1.8630000352859497,21.579999923706055,0,0
2019-08-16,1.8229999542236328,18.469999313354492,1.8450000286102295,20.5,1.8229999542236328,18.40999984741211,1.8450000286102295,20.479999542236328,0,0
2019-08-19,1.8530000448226929,16.8799991607666,1.8530000448226929,18.219999313354492,1.8279999494552612,16.520000457763672,1.8279999494552612,17.93000030517578,0,0
2019-08-20,1.899999976158142,17.5,1.899999976158142,17.700000762939453,1.8830000162124634,16.450000762939453,1.8880000114440918,16.780000686645508,0,0
2019-08-21,1.9279999732971191,15.800000190734863,1.9299999475479126,17.040000915527344,1.9079999923706055,15.510000228881836,1.9079999923706055,17.010000228881836,0,0
2019-08-22,1.937999963760376,16.68000030517578,1.940000057220459,17.68000030517578,1.934999942779541,15.630000114440918,1.934999942779541,16.1200008392334,0,0
2019-08-23,1.909999966621399,19.8700008392334,1.9249999523162842,21.06999969482422,1.8980000019073486,16.040000915527344,1.9249999523162842,16.149999618530273,0,0
2019-08-26,1.9329999685287476,19.31999969482422,1.940000057220459,21.329999923706055,1.9229999780654907,19.059999465942383,1.9249999523162842,20.34000015258789,0,0
2019-08-27,1.9429999589920044,20.309999465942383,1.9529999494552612,21.040000915527344,1.9429999589920044,18.489999771118164,1.9450000524520874,20.18000030517578,0,0
2019-08-28,1.940000057220459,19.350000381469727,1.9450000524520874,21.639999389648438,1.940000057220459,19.100000381469727,1.9429999589920044,20.549999237060547,0,0
2019-08-29,1.940000057220459,17.8799991607666,1.9429999589920044,19.200000762939453,1.9299999475479126,17.600000381469727,1.934999942779541,19.020000457763672,0,0
2019-08-30,1.9329999685287476,18.979999542236328,1.9329999685287476,19.18000030517578,1.9299999475479126,17.09000015258789,1.9299999475479126,17.940000534057617,0,0
2019-09-03,1.909999966621399,19.65999984741211,1.9299999475479126,21.149999618530273,1.9049999713897705,19.40999984741211,1.9299999475479126,20.959999084472656,0,0
2019-09-04,1.9049999713897705,17.329999923706055,1.9149999618530273,18.829999923706055,1.8980000019073486,17.260000228881836,1.9129999876022339,18.229999542236328,0,0
2019-09-05,1.9199999570846558,16.270000457763672,1.9279999732971191,17.049999237060547,1.9079999923706055,15.449999809265137,1.9079999923706055,16.920000076293945,0,0
2019-09-06,1.909999966621399,15.0,1.9179999828338623,16.059999465942383,1.9079999923706055,14.90999984741211,1.9179999828338623,15.920000076293945,0,0
2019-09-09,1.9079999923706055,15.270000457763672,1.9229999780654907,16.1299991607666,1.9079999923706055,14.949999809265137,1.9179999828338623,15.260000228881836,0,0
2019-09-10,1.9129999876022339,15.199999809265137,1.9149999618530273,16.520000457763672,1.909999966621399,15.109999656677246,1.909999966621399,15.529999732971191,0,0
2019-09-11,1.9129999876022339,14.609999656677246,1.9129999876022339,15.520000457763672,1.9129999876022339,14.550000190734863,1.9129999876022339,15.329999923706055,0,0
2019-09-12,1.8949999809265137,14.220000267028809,1.899999976158142,14.9399995803833,1.878000020980835,13.850000381469727,1.8880000114440918,14.6899995803833,0,0
2019-09-13,1.899999976158142,13.739999771118164,1.899999976158142,14.3100004196167,1.8880000114440918,13.510000228881836,1.8899999856948853,14.15999984741211,0,0
2019-09-16,1.9450000524520874,14.670000076293945,1.9479999542236328,15.289999961853027,1.9049999713897705,14.5,1.9049999713897705,14.890000343322754,0,0
2019-09-17,1.937999963760376,14.4399995803833,1.965000033378601,15.029999732971191,1.7000000476837158,14.399999618530273,1.965000033378601,14.920000076293945,0,0
2019-09-18,1.8799999952316284,13.949999809265137,1.909999966621399,15.800000190734863,1.850000023841858,13.800000190734863,1.899999976158142,14.609999656677246,0,0
2019-09-19,1.8830000162124634,14.050000190734863,1.8949999809265137,14.65999984741211,1.8630000352859497,13.3100004196167,1.8650000095367432,14.65999984741211,0,0
2019-09-20,1.850000023841858,15.319999694824219,1.8700000047683716,15.84000015258789,1.843000054359436,13.350000381469727,1.8650000095367432,13.9399995803833,0,0
2019-09-23,1.8450000286102295,14.90999984741211,1.8600000143051147,16.0,1.8450000286102295,14.710000038146973,1.8550000190734863,15.350000381469727,0,0
2019-09-24,1.8799999952316284,17.049999237060547,1.8949999809265137,17.6200008392334,1.8799999952316284,14.329999923706055,1.8949999809265137,14.770000457763672,0,0
2019-09-25,1.8450000286102295,15.960000038146973,1.8830000162124634,18.450000762939453,1.8450000286102295,15.6899995803833,1.875,17.049999237060547,0,0
2019-09-26,1.7699999809265137,16.06999969482422,1.8350000381469727,17.09000015258789,1.7699999809265137,15.350000381469727,1.8300000429153442,16.229999542236328,0,0
2019-09-27,1.7300000190734863,17.219999313354492,1.7630000114440918,18.690000534057617,1.725000023841858,15.149999618530273,1.7580000162124634,15.770000457763672,0,0
2019-09-30,1.7699999809265137,16.239999771118164,1.7929999828338623,17.350000381469727,1.7450000047683716,16.200000762939453,1.7450000047683716,17.229999542236328,0,0
2019-10-01,1.753000020980835,18.559999465942383,1.8049999475479126,18.6200008392334,1.753000020980835,15.789999961853027,1.8049999475479126,16.020000457763672,0,0
2019-10-02,1.7350000143051147,20.559999465942383,1.7699999809265137,21.459999084472656,1.7350000143051147,18.75,1.7699999809265137,18.75,0,0
2019-10-03,1.6649999618530273,19.1200008392334,1.6950000524520874,21.440000534057617,1.6330000162124634,19.030000686645508,1.6929999589920044,20.110000610351562,0,0
2019-10-04,1.6549999713897705,17.040000915527344,1.6749999523162842,19.969999313354492,1.649999976158142,16.969999313354492,1.6579999923706055,19.420000076293945,0,0
2019-10-07,1.6729999780654907,17.860000610351562,1.684999942779541,18.520000457763672,1.6629999876022339,16.440000534057617,1.6629999876022339,18.270000457763672,0,0
2019-10-08,1.6549999713897705,20.280000686645508,1.6699999570846558,20.3799991607666,1.649999976158142,17.420000076293945,1.6649999618530273,17.610000610351562,0,0
2019-10-09,1.628000020980835,18.639999389648438,1.6299999952316284,20.0,1.6180000305175781,17.770000457763672,1.6299999952316284,19.940000534057617,0,0
2019-10-10,1.6330000162124634,17.56999969482422,1.6380000114440918,19.799999237060547,1.6150000095367432,17.559999465942383,1.6180000305175781,19.280000686645508,0,0
2019-10-11,1.6230000257492065,15.579999923706055,1.659999966621399,17.440000534057617,1.600000023841858,15.109999656677246,1.6399999856948853,17.350000381469727,0,0
2019-10-14,1.6180000305175781,14.569999694824219,1.6180000305175781,16.5,1.6180000305175781,14.510000228881836,1.6180000305175781,15.65999984741211,0,0
2019-10-15,1.6180000305175781,13.539999961853027,1.628000020980835,14.430000305175781,1.6080000400543213,13.390000343322754,1.6150000095367432,13.9399995803833,0,0
2019-10-16,1.6150000095367432,13.680000305175781,1.625,14.260000228881836,1.6100000143051147,13.600000381469727,1.6200000047683716,13.9399995803833,0,0
2019-10-17,1.625,13.789999961853027,1.628000020980835,14.180000305175781,1.6150000095367432,13.3100004196167,1.6150000095367432,13.789999961853027,0,0
2019-10-18,1.625,14.25,1.628000020980835,15.15999984741211,1.6130000352859497,13.779999732971191,1.6180000305175781,14.199999809265137,0,0
2019-10-21,1.625,14.0,1.6380000114440918,14.630000114440918,1.6200000047683716,14.0,1.6299999952316284,14.239999771118164,0,0
2019-10-22,1.6150000095367432,14.460000038146973,1.6150000095367432,14.609999656677246,1.6150000095367432,13.699999809265137,1.6150000095367432,13.989999771118164,0,0
2019-10-23,1.6150000095367432,14.010000228881836,1.6150000095367432,15.119999885559082,1.6130000352859497,14.010000228881836,1.6130000352859497,14.829999923706055,0,0
2019-10-24,1.6230000257492065,13.710000038146973,1.6230000257492065,14.34000015258789,1.6100000143051147,13.399999618530273,1.6100000143051147,13.979999542236328,0,0
2019-10-25,1.625,12.649999618530273,1.6299999952316284,13.789999961853027,1.6180000305175781,12.619999885559082,1.6200000047683716,13.529999732971191,0,0
2019-10-28,1.6050000190734863,13.109999656677246,1.6349999904632568,13.140000343322754,1.6030000448226929,12.65999984741211,1.6299999952316284,13.010000228881836,0,0
2019-10-29,1.5950000286102295,13.199999809265137,1.5950000286102295,13.520000457763672,1.5950000286102295,13.069999694824219,1.5950000286102295,13.15999984741211,0,0
2019-10-30,1.5950000286102295,12.329999923706055,1.5950000286102295,13.369999885559082,1.5950000286102295,12.270000457763672,1.5950000286102295,13.079999923706055,0,0
2019-10-31,1.4980000257492065,13.220000267028809,1.534999966621399,13.949999809265137,1.4950000047683716,13.180000305175781,1.5329999923706055,13.510000228881836,0,0
2019-11-01,1.4850000143051147,12.300000190734863,1.503000020980835,12.600000381469727,1.4800000190734863,12.260000228881836,1.4950000047683716,12.5,0,0
2019-11-04,1.503000020980835,12.829999923706055,1.503000020980835,13.130000114440918,1.4800000190734863,12.4399995803833,1.4830000400543213,12.680000305175781,0,0
2019-11-05,1.5180000066757202,13.100000381469727,1.5180000066757202,13.279999732971191,1.5149999856948853,12.25,1.5180000066757202,12.850000381469727,0,0
2019-11-06,1.5149999856948853,12.619999885559082,1.5149999856948853,13.390000343322754,1.5149999856948853,12.600000381469727,1.5149999856948853,13.180000305175781,0,0
2019-11-07,1.5180000066757202,12.729999542236328,1.5230000019073486,12.890000343322754,1.5130000114440918,12.260000228881836,1.5149999856948853,12.59000015258789,0,0
2019-11-08,1.5099999904632568,12.069999694824219,1.5180000066757202,13.050000190734863,1.5049999952316284,12.0,1.5149999856948853,12.979999542236328,0,0
2019-11-11,1.5130000114440918,12.6899995803833,1.5130000114440918,13.489999771118164,1.5130000114440918,12.65999984741211,1.5130000114440918,13.149999618530273,0,0
2019-11-12,1.5329999923706055,12.680000305175781,1.5429999828338623,13.100000381469727,1.5180000066757202,12.359999656677246,1.5199999809265137,12.640000343322754,0,0
2019-11-13,1.534999966621399,13.0,1.5449999570846558,13.899999618530273,1.534999966621399,12.880000114440918,1.5429999828338623,12.90999984741211,0,0
2019-11-14,1.527999997138977,13.050000190734863,1.5379999876022339,13.8100004196167,1.527999997138977,12.930000305175781,1.5329999923706055,13.15999984741211,0,0
2019-11-15,1.527999997138977,12.050000190734863,1.527999997138977,12.970000267028809,1.5199999809265137,11.920000076293945,1.527999997138977,12.949999809265137,0,0
2019-11-18,1.5230000019073486,12.460000038146973,1.527999997138977,13.100000381469727,1.5180000066757202,12.319999694824219,1.524999976158142,12.390000343322754,0,0
2019-11-19,1.524999976158142,12.859999656677246,1.5299999713897705,13.010000228881836,1.524999976158142,12.15999984741211,1.5299999713897705,12.329999923706055,0,0
2019-11-20,1.5199999809265137,12.779999732971191,1.5230000019073486,14.170000076293945,1.5199999809265137,12.609999656677246,1.5230000019073486,13.420000076293945,0,0
2019-11-21,1.5299999713897705,13.130000114440918,1.5299999713897705,13.859999656677246,1.5180000066757202,12.489999771118164,1.5199999809265137,13.350000381469727,0,0
2019-11-22,1.5429999828338623,12.34000015258789,1.5429999828338623,13.25,1.5230000019073486,12.329999923706055,1.524999976158142,12.819999694824219,0,0
2019-11-25,1.5449999570846558,11.869999885559082,1.5499999523162842,12.59000015258789,1.5429999828338623,11.729999542236328,1.5449999570846558,12.510000228881836,0,0
2019-11-26,1.565000057220459,11.539999961853027,1.565000057220459,12.039999961853027,1.5549999475479126,11.420000076293945,1.5549999475479126,11.880000114440918,0,0
2019-11-27,1.565000057220459,11.75,1.5850000381469727,11.789999961853027,1.565000057220459,11.4399995803833,1.5700000524520874,11.550000190734863,0,0
2019-11-29,1.5399999618530273,12.619999885559082,1.5529999732971191,12.829999923706055,1.5399999618530273,12.119999885559082,1.5529999732971191,12.5,0,0
2019-12-02,1.5379999876022339,14.90999984741211,1.5529999732971191,15.270000457763672,1.5379999876022339,12.550000190734863,1.5499999523162842,12.6899995803833,0,0
2019-12-03,1.5379999876022339,15.960000038146973,1.5449999570846558,17.989999771118164,1.5329999923706055,14.609999656677246,1.5449999570846558,14.680000305175781,0,0
2019-12-04,1.4980000257492065,14.800000190734863,1.6749999523162842,16.399999618530273,1.4980000257492065,14.119999885559082,1.534999966621399,16.3799991607666,0,0
2019-12-05,1.4930000305175781,14.520000457763672,1.5099999904632568,15.369999885559082,1.4930000305175781,14.170000076293945,1.5049999952316284,14.460000038146973,0,0
2019-12-06,1.4800000190734863,13.619999885559082,1.5,14.470000267028809,1.4800000190734863,13.1899995803833,1.4950000047683716,14.369999885559082,0,0
2019-12-09,1.4980000257492065,15.859999656677246,1.5,16.06999969482422,1.4780000448226929,12.25,1.4780000448226929,14.25,0,0
2019-12-10,1.5149999856948853,15.680000305175781,1.5149999856948853,16.899999618530273,1.5080000162124634,14.930000305175781,1.5080000162124634,15.800000190734863,0,0
2019-12-11,1.5199999809265137,14.989999771118164,2.0,15.970000267028809,1.5199999809265137,14.979999542236328,1.5199999809265137,15.569999694824219,0,0
2019-12-12,1.5299999713897705,13.9399995803833,1.5379999876022339,15.550000190734863,1.5199999809265137,13.600000381469727,1.5199999809265137,14.9399995803833,0,0
2019-12-13,1.5230000019073486,12.630000114440918,1.5230000019073486,14.350000381469727,1.5130000114440918,12.539999961853027,1.5149999856948853,13.180000305175781,0,0
2019-12-16,1.524999976158142,12.140000343322754,1.527999997138977,12.529999732971191,1.5230000019073486,11.710000038146973,1.524999976158142,12.470000267028809,0,0
2019-12-17,1.5299999713897705,12.289999961853027,1.5299999713897705,12.470000267028809,1.5299999713897705,11.899999618530273,1.5299999713897705,12.229999542236328,0,0
2019-12-18,1.5180000066757202,12.579999923706055,1.5199999809265137,12.699999809265137,1.5180000066757202,11.930000305175781,1.5180000066757202,12.239999771118164,0,0
2019-12-19,1.5329999923706055,12.5,1.5329999923706055,12.779999732971191,1.5149999856948853,12.430000305175781,1.5180000066757202,12.550000190734863,0,0
2019-12-20,1.527999997138977,12.510000228881836,1.5299999713897705,12.609999656677246,1.5199999809265137,12.039999961853027,1.524999976158142,12.550000190734863,0,0
2019-12-23,1.5199999809265137,12.609999656677246,1.5329999923706055,12.899999618530273,1.5199999809265137,12.40999984741211,1.5299999713897705,12.8100004196167,0,0
2019-12-24,1.5379999876022339,12.670000076293945,1.5449999570846558,12.84000015258789,1.5379999876022339,12.5600004196167,1.5449999570846558,12.649999618530273,0,0
2019-12-26,1.534999966621399,12.649999618530273,1.5449999570846558,12.75,1.527999997138977,11.720000267028809,1.5299999713897705,12.739999771118164,0,0
2019-12-27,1.5180000066757202,13.430000305175781,1.534999966621399,13.720000267028809,1.5130000114440918,11.890000343322754,1.534999966621399,12.609999656677246,0,0
2019-12-30,1.4900000095367432,14.819999694824219,1.5180000066757202,15.140000343322754,1.4880000352859497,13.4399995803833,1.5080000162124634,13.739999771118164,0,0
2019-12-31,1.5049999952316284,13.779999732971191,1.5049999952316284,15.390000343322754,1.5049999952316284,13.75,1.5049999952316284,14.84000015258789,0,0
2020-01-02,1.4950000047683716,12.470000267028809,1.5099999904632568,13.720000267028809,1.4950000047683716,12.420000076293945,1.5099999904632568,13.460000038146973,0,0
2020-01-03,1.4730000495910645,14.020000457763672,1.4900000095367432,16.200000762939453,1.4600000381469727,13.130000114440918,1.4900000095367432,15.010000228881836,0,0
2020-01-06,1.4880000352859497,13.850000381469727,1.4900000095367432,16.389999389648438,1.475000023841858,13.539999961853027,1.4780000448226929,15.449999809265137,0,0
2020-01-07,1.5,13.789999961853027,1.5049999952316284,14.460000038146973,1.5,13.390000343322754,1.5049999952316284,13.84000015258789,0,0
2020-01-08,1.4930000305175781,13.449999809265137,1.4930000305175781,15.239999771118164,1.4850000143051147,12.829999923706055,1.4930000305175781,15.15999984741211,0,0
2020-01-09,1.5,12.539999961853027,1.503000020980835,13.239999771118164,1.4950000047683716,12.529999732971191,1.4950000047683716,12.949999809265137,0,0
2020-01-10,1.4980000257492065,12.5600004196167,1.503000020980835,12.869999885559082,1.4980000257492065,12.09000015258789,1.4980000257492065,12.420000076293945,0,0
2020-01-13,1.5099999904632568,12.319999694824219,1.5099999904632568,13.09000015258789,1.5,12.319999694824219,1.5,12.84000015258789,0,0
2020-01-14,1.5299999713897705,12.390000343322754,1.5299999713897705,13.819999694824219,1.5230000019073486,12.050000190734863,1.5230000019073486,12.720000267028809,0,0
2020-01-15,1.5080000162124634,12.420000076293945,1.527999997138977,12.829999923706055,1.5080000162124634,11.949999809265137,1.527999997138977,12.789999961853027,0,0
2020-01-16,1.5180000066757202,12.319999694824219,1.524999976158142,12.420000076293945,1.5149999856948853,11.779999732971191,1.5230000019073486,12.199999809265137,0,0
2020-01-17,1.5230000019073486,12.100000381469727,1.524999976158142,12.479999542236328,1.5149999856948853,11.75,1.5149999856948853,12.210000038146973,0,0
2020-01-21,1.503000020980835,12.850000381469727,1.5180000066757202,13.329999923706055,1.503000020980835,12.319999694824219,1.5130000114440918,13.229999542236328,0,0
2020-01-22,1.5130000114440918,12.90999984741211,1.5149999856948853,13.010000228881836,1.5099999904632568,12.3100004196167,1.5149999856948853,12.449999809265137,0,0
2020-01-23,1.5149999856948853,12.979999542236328,1.5180000066757202,14.149999618530273,1.5080000162124634,12.9399995803833,1.5080000162124634,13.260000228881836,0,0
2020-01-24,1.4900000095367432,14.5600004196167,1.5149999856948853,15.979999542236328,1.4900000095367432,12.619999885559082,1.5149999856948853,12.75,0,0
2020-01-27,1.5049999952316284,18.229999542236328,1.5049999952316284,19.020000457763672,1.4830000400543213,16.81999969482422,1.4850000143051147,17.420000076293945,0,0
2020-01-28,1.5299999713897705,16.280000686645508,1.5299999713897705,18.030000686645508,1.524999976158142,15.6899995803833,1.524999976158142,16.940000534057617,0,0
2020-01-29,1.5199999809265137,16.389999389648438,1.534999966621399,16.649999618530273,1.5199999809265137,14.9399995803833,1.5299999713897705,15.680000305175781,0,0
2020-01-30,1.527999997138977,15.489999771118164,1.527999997138977,18.389999389648438,1.5080000162124634,15.300000190734863,1.5099999904632568,17.81999969482422,0,0
2020-01-31,1.5099999904632568,18.84000015258789,1.5199999809265137,19.989999771118164,1.5080000162124634,16.18000030517578,1.5180000066757202,16.25,0,0
2020-02-03,1.5180000066757202,17.969999313354492,1.5199999809265137,18.8799991607666,1.5130000114440918,17.100000381469727,1.5130000114440918,18.639999389648438,0,0
2020-02-04,1.5379999876022339,16.049999237060547,1.5399999618530273,16.459999084472656,1.5379999876022339,15.630000114440918,1.5379999876022339,16.450000762939453,0,0
2020-02-05,1.5199999809265137,15.149999618530273,1.5399999618530273,16.31999969482422,1.5199999809265137,15.020000457763672,1.5399999618530273,16.290000915527344,0,0
2020-02-06,1.5299999713897705,14.960000038146973,1.5329999923706055,15.65999984741211,1.5199999809265137,14.699999809265137,1.5199999809265137,15.130000114440918,0,0
2020-02-07,1.5180000066757202,15.470000267028809,1.527999997138977,16.15999984741211,1.5149999856948853,14.8100004196167,1.5230000019073486,15.069999694824219,0,0
2020-02-10,1.5199999809265137,15.039999961853027,1.524999976158142,16.43000030517578,1.5099999904632568,15.010000228881836,1.5149999856948853,15.880000114440918,0,0
2020-02-11,1.5379999876022339,15.180000305175781,1.5379999876022339,15.270000457763672,1.534999966621399,14.380000114440918,1.534999966621399,14.90999984741211,0,0
2020-02-12,1.534999966621399,13.739999771118164,1.534999966621399,14.880000114440918,1.534999966621399,13.729999542236328,1.534999966621399,14.859999656677246,0,0
2020-02-13,1.5449999570846558,14.149999618530273,1.5449999570846558,15.4399995803833,1.5299999713897705,14.0,1.5329999923706055,14.430000305175781,0,0
2020-02-14,1.534999966621399,13.680000305175781,1.5379999876022339,14.539999961853027,1.534999966621399,13.380000114440918,1.534999966621399,14.119999885559082,0,0
2020-02-18,1.534999966621399,14.829999923706055,1.5429999828338623,15.489999771118164,1.5329999923706055,14.529999732971191,1.534999966621399,14.979999542236328,0,0
2020-02-19,1.5429999828338623,14.380000114440918,1.5449999570846558,14.739999771118164,1.5299999713897705,14.210000038146973,1.5299999713897705,14.65999984741211,0,0
2020-02-20,1.5379999876022339,15.5600004196167,1.5379999876022339,17.209999084472656,1.5329999923706055,14.489999771118164,1.534999966621399,14.539999961853027,0,0
2020-02-21,1.5180000066757202,17.079999923706055,1.5329999923706055,18.209999084472656,1.5130000114440918,16.190000534057617,1.5329999923706055,17.329999923706055,0,0
2020-02-24,1.503000020980835,25.030000686645508,1.503000020980835,26.350000381469727,1.4900000095367432,22.0,1.4980000257492065,22.25,0,0
2020-02-25,1.4900000095367432,27.850000381469727,1.5049999952316284,30.25,1.4900000095367432,22.6200008392334,1.5,23.280000686645508,0,0
2020-02-26,1.4780000448226929,27.559999465942383,1.4950000047683716,29.56999969482422,1.4700000286102295,24.760000228881836,1.4950000047683716,26.6299991607666,0,0
2020-02-27,1.3949999809265137,39.15999984741211,1.4229999780654907,39.310001373291016,1.3630000352859497,29.3700008392334,1.4229999780654907,32.13999938964844,0,0
2020-02-28,1.2300000190734863,40.11000061035156,1.2899999618530273,49.47999954223633,1.2300000190734863,39.369998931884766,1.2899999618530273,42.02000045776367,0,0
2020-03-02,1.1349999904632568,33.41999816894531,1.1579999923706055,40.40999984741211,1.090000033378601,31.5,1.090000033378601,38.540000915527344,0,0
2020-03-03,0.9179999828338623,36.81999969482422,1.152999997138977,41.060001373291016,0.8550000190734863,24.93000030517578,1.1430000066757202,33.650001525878906,0,0
2020-03-04,0.675000011920929,31.989999771118164,0.8500000238418579,35.58000183105469,0.675000011920929,30.299999237060547,0.8479999899864197,34.439998626708984,0,0
2020-03-05,0.5950000286102295,39.619998931884766,0.6549999713897705,42.84000015258789,0.578000009059906,33.540000915527344,0.6549999713897705,33.61000061035156,0,0
2020-03-06,0.41499999165534973,41.939998626708984,0.42800000309944153,54.38999938964844,0.32499998807907104,40.84000015258789,0.40299999713897705,48.93000030517578,0,0
2020-03-09,0.33000001311302185,54.459999084472656,0.3630000054836273,62.119998931884766,0.17800000309944153,41.939998626708984,0.23499999940395355,41.939998626708984,0,0
2020-03-10,0.38999998569488525,47.29999923706055,0.4000000059604645,55.65999984741211,0.3779999911785126,43.560001373291016,0.39800000190734863,49.68000030517578,0,0
2020-03-11,0.36800000071525574,53.900001525878906,0.4099999964237213,55.81999969482422,0.3499999940395355,49.97999954223633,0.375,52.2400016784668,0,0
2020-03-12,0.27300000190734863,75.47000122070312,0.28299999237060547,76.83000183105469,0.1550000011920929,59.90999984741211,0.16500000655651093,61.459999084472656,0,0
2020-03-13,0.24300000071525574,57.83000183105469,0.27000001072883606,77.56999969482422,0.23000000417232513,55.16999816894531,0.257999986410141,71.30999755859375,0,0
2020-03-16,0.1850000023841858,82.69000244140625,0.20999999344348907,83.55999755859375,0.11500000208616257,57.83000183105469,0.12999999523162842,57.83000183105469,0,0
2020-03-17,0.16500000655651093,75.91000366210938,0.23499999940395355,84.83000183105469,0.14300000667572021,70.37000274658203,0.23499999940395355,82.69000244140625,0,0
2020-03-18,0.003000000026077032,76.44999694824219,0.10000000149011612,85.47000122070312,-0.013000000268220901,69.37000274658203,0.10000000149011612,69.37000274658203,0,0
2020-03-19,-0.02800000086426735,72.0,-0.017999999225139618,84.26000213623047,-0.03999999910593033,68.56999969482422,-0.032999999821186066,80.62000274658203,0,0
2020-03-20,-0.032999999821186066,66.04000091552734,-0.023000000044703484,69.51000213623047,-0.04500000178813934,57.41999816894531,-0.04500000178813934,67.86000061035156,0,0
2020-03-23,-0.03999999910593033,61.59000015258789,-0.02800000086426735,76.73999786376953,-0.03999999910593033,60.459999084472656,-0.029999999329447746,74.08000183105469,0,0
2020-03-24,-0.032999999821186066,61.66999816894531,0.004999999888241291,61.880001068115234,-0.07000000029802322,36.2400016784668,-0.003000000026077032,58.7599983215332,0,0
2020-03-25,-0.07000000029802322,63.95000076293945,3.390000104904175,68.86000061035156,-0.23499999940395355,58.029998779296875,-0.032999999821186066,61.439998626708984,0,0
2020-03-26,-0.10499999672174454,61.0,-0.10000000149011612,67.05999755859375,-0.12300000339746475,57.65999984741211,-0.10300000011920929,65.66999816894531,0,0
2020-03-27,-0.057999998331069946,65.54000091552734,-0.057999998331069946,69.0999984741211,-0.1080000028014183,61.79999923706055,-0.1080000028014183,64.94999694824219,0,0
2020-03-30,0.013000000268220901,57.08000183105469,0.019999999552965164,67.69000244140625,-0.05299999937415123,56.599998474121094,-0.0430000014603138,66.30000305175781,0,0
2020-03-31,0.029999999329447746,53.540000915527344,0.07000000029802322,58.75,0.02800000086426735,50.880001068115234,0.07000000029802322,56.689998626708984,0,0
2020-04-01,0.06300000101327896,57.060001373291016,0.09000000357627869,60.59000015258789,0.06300000101327896,52.7599983215332,0.08500000089406967,57.380001068115234,0,0
2020-04-02,0.06499999761581421,50.90999984741211,0.0729999989271164,57.2400016784668,0.03999999910593033,50.45000076293945,0.05299999937415123,54.459999084472656,0,0
2020-04-03,0.057999998331069946,46.79999923706055,0.06300000101327896,52.290000915527344,0.04800000041723251,46.7400016784668,0.04800000041723251,51.11000061035156,0,0
2020-04-06,0.05999999865889549,45.2400016784668,0.08299999684095383,45.72999954223633,0.05299999937415123,43.45000076293945,0.057999998331069946,44.16999816894531,0,0
2020-04-07,0.12800000607967377,46.70000076293945,0.12999999523162842,47.5099983215332,0.11500000208616257,43.5099983215332,0.11500000208616257,44.83000183105469,0,0
2020-04-08,0.1850000023841858,43.349998474121094,0.18799999356269836,47.279998779296875,0.1550000011920929,42.529998779296875,0.1550000011920929,45.900001525878906,0,0
2020-04-09,0.20999999344348907,41.66999816894531,0.2150000035762787,45.72999954223633,0.1550000011920929,41.38999938964844,0.16300000250339508,43.0,0,0
2020-04-13,0.20000000298023224,41.16999816894531,0.25999999046325684,45.040000915527344,0.19499999284744263,41.16999816894531,0.20800000429153442,44.599998474121094,0,0
2020-04-14,0.16500000655651093,37.7599983215332,0.2199999988079071,40.56999969482422,0.16500000655651093,37.310001373291016,0.21799999475479126,40.2400016784668,0,0
2020-04-15,0.11500000208616257,40.84000015258789,0.125,43.22999954223633,0.1080000028014183,40.04999923706055,0.11500000208616257,42.56999969482422,0,0
2020-04-16,0.10999999940395355,40.11000061035156,0.125,43.02000045776367,0.10999999940395355,39.869998931884766,0.11800000071525574,41.91999816894531,0,0
2020-04-17,0.10300000011920929,38.150001525878906,0.11299999803304672,40.2599983215332,0.0949999988079071,37.630001068115234,0.10999999940395355,39.5,0,0
2020-04-20,0.07000000029802322,43.83000183105469,0.1080000028014183,43.83000183105469,0.07000000029802322,39.880001068115234,0.10000000149011612,40.68000030517578,0,0
2020-04-21,0.09799999743700027,45.40999984741211,0.10999999940395355,47.77000045776367,0.09799999743700027,43.77000045776367,0.10499999672174454,44.279998779296875,0,0
2020-04-22,0.09300000220537186,41.97999954223633,0.10300000011920929,45.06999969482422,0.09300000220537186,41.40999984741211,0.10300000011920929,44.90999984741211,0,0
2020-04-23,0.09300000220537186,41.380001068115234,0.10000000149011612,42.470001220703125,0.08799999952316284,39.060001373291016,0.08799999952316284,41.29999923706055,0,0
2020-04-24,0.10000000149011612,35.93000030517578,0.10300000011920929,40.16999816894531,0.09300000220537186,35.599998474121094,0.09300000220537186,38.79999923706055,0,0
2020-04-27,0.09300000220537186,33.290000915527344,0.10000000149011612,36.439998626708984,0.09000000357627869,32.5099983215332,0.09000000357627869,36.290000915527344,0,0
2020-04-28,0.08500000089406967,33.56999969482422,0.10300000011920929,35.38999938964844,0.08299999684095383,30.540000915527344,0.10300000011920929,33.209999084472656,0,0
2020-04-29,0.09000000357627869,31.229999542236328,0.10000000149011612,33.189998626708984,0.07500000298023224,30.709999084472656,0.07500000298023224,32.47999954223633,0,0
2020-04-30,0.09000000357627869,34.150001525878906,0.09300000220537186,35.939998626708984,0.07800000160932541,30.93000030517578,0.07800000160932541,30.989999771118164,0,0
2020-05-01,0.09300000220537186,37.189998626708984,0.0949999988079071,39.56999969482422,0.08799999952316284,36.59000015258789,0.08799999952316284,38.16999816894531,0,0
2020-05-04,0.09000000357627869,35.970001220703125,0.10300000011920929,40.31999969482422,0.09000000357627869,35.529998779296875,0.0949999988079071,39.130001068115234,0,0
2020-05-05,0.10999999940395355,33.61000061035156,0.10999999940395355,36.220001220703125,0.10000000149011612,31.950000762939453,0.10300000011920929,34.81999969482422,0,0
2020-05-06,0.1080000028014183,34.119998931884766,0.1080000028014183,35.689998626708984,0.07800000160932541,31.68000030517578,0.07800000160932541,32.689998626708984,0,0
2020-05-07,0.0949999988079071,31.440000534057617,0.10499999672174454,32.279998779296875,0.09000000357627869,30.3700008392334,0.10499999672174454,32.119998931884766,0,0
2020-05-08,0.0949999988079071,27.979999542236328,0.09799999743700027,30.389999389648438,0.09000000357627869,27.889999389648438,0.09799999743700027,30.139999389648438,0,0
2020-05-11,0.10499999672174454,27.56999969482422,0.10499999672174454,31.459999084472656,0.0949999988079071,26.969999313354492,0.09799999743700027,28.459999084472656,0,0
2020-05-12,0.12300000339746475,33.040000915527344,0.12300000339746475,33.040000915527344,0.11800000071525574,26.0,0.11800000071525574,28.469999313354492,0,0
2020-05-13,0.11500000208616257,35.279998779296875,0.11999999731779099,37.41999816894531,0.10999999940395355,30.770000457763672,0.11800000071525574,32.7400016784668,0,0
2020-05-14,0.10499999672174454,32.61000061035156,0.11299999803304672,39.279998779296875,0.10499999672174454,32.33000183105469,0.1080000028014183,35.15999984741211,0,0
2020-05-15,0.10300000011920929,31.889999389648438,0.1080000028014183,35.130001068115234,0.10000000149011612,31.040000915527344,0.10499999672174454,32.5,0,0
2020-05-18,0.10499999672174454,29.299999237060547,0.10499999672174454,31.079999923706055,0.10300000011920929,28.350000381469727,0.10499999672174454,30.709999084472656,0,0
2020-05-19,0.11800000071525574,30.530000686645508,0.11999999731779099,30.739999771118164,0.11299999803304672,28.3700008392334,0.11299999803304672,28.729999542236328,0,0
2020-05-20,0.11800000071525574,27.989999771118164,0.11999999731779099,29.829999923706055,0.11299999803304672,27.829999923706055,0.11299999803304672,29.520000457763672,0,0
2020-05-21,0.10999999940395355,29.530000686645508,0.11299999803304672,30.200000762939453,0.10999999940395355,27.670000076293945,0.10999999940395355,28.969999313354492,0,0
2020-05-22,0.10999999940395355,28.15999984741211,0.11299999803304672,31.549999237060547,0.1080000028014183,28.030000686645508,0.10999999940395355,31.360000610351562,0,0
2020-05-26,0.11800000071525574,28.010000228881836,0.11800000071525574,28.579999923706055,0.10999999940395355,27.18000030517578,0.10999999940395355,27.719999313354492,0,0
2020-05-27,0.13500000536441803,27.6200008392334,0.14000000059604645,30.530000686645508,0.125,25.920000076293945,0.125,27.6200008392334,0,0
2020-05-28,0.1379999965429306,28.59000015258789,0.14000000059604645,29.889999389648438,0.13300000131130219,27.43000030517578,0.13300000131130219,27.81999969482422,0,0
2020-05-29,0.12800000607967377,27.510000228881836,0.12999999523162842,30.15999984741211,0.12800000607967377,27.290000915527344,0.12999999523162842,29.299999237060547,0,0
2020-06-01,0.12800000607967377,28.229999542236328,0.12999999523162842,30.600000381469727,0.12800000607967377,28.110000610351562,0.12999999523162842,28.940000534057617,0,0
2020-06-02,0.14499999582767487,26.84000015258789,0.14499999582767487,28.520000457763672,0.14300000667572021,26.65999984741211,0.14300000667572021,28.399999618530273,0,0
2020-06-03,0.14800000190734863,25.65999984741211,0.14800000190734863,26.979999542236328,0.14499999582767487,25.040000915527344,0.14499999582767487,26.75,0,0
2020-06-04,0.14000000059604645,25.809999465942383,0.14300000667572021,26.43000030517578,0.1379999965429306,24.3799991607666,0.14300000667572021,26.229999542236328,0,0
2020-06-05,0.14499999582767487,24.520000457763672,0.14499999582767487,25.09000015258789,0.14000000059604645,23.540000915527344,0.14300000667572021,24.790000915527344,0,0
2020-06-08,0.15299999713897705,25.809999465942383,0.15299999713897705,25.979999542236328,0.14800000190734863,24.649999618530273,0.14800000190734863,25.559999465942383,0,0
2020-06-09,0.16500000655651093,27.56999969482422,0.16500000655651093,27.700000762939453,0.1599999964237213,25.709999084472656,0.1599999964237213,25.93000030517578,0,0
2020-06-10,0.16500000655651093,27.56999969482422,0.1679999977350235,29.010000228881836,0.16300000250339508,26.059999465942383,0.16300000250339508,26.729999542236328,0,0
2020-06-11,0.15299999713897705,40.790000915527344,0.15800000727176666,42.58000183105469,0.15000000596046448,29.489999771118164,0.15800000727176666,30.450000762939453,0,0
2020-06-12,0.15000000596046448,36.09000015258789,0.16500000655651093,44.15999984741211,0.15000000596046448,34.970001220703125,0.1550000011920929,37.68000030517578,0,0
2020-06-15,0.1550000011920929,34.400001525878906,0.16300000250339508,44.439998626708984,0.1550000011920929,34.279998779296875,0.15800000727176666,44.09000015258789,0,0
2020-06-16,0.1599999964237213,33.66999816894531,0.16300000250339508,37.45000076293945,0.15299999713897705,31.729999542236328,0.15299999713897705,34.279998779296875,0,0
2020-06-17,0.16500000655651093,33.470001220703125,0.16500000655651093,35.16999816894531,0.1599999964237213,32.25,0.1599999964237213,33.279998779296875,0,0
2020-06-18,0.14000000059604645,32.939998626708984,0.14800000190734863,36.25,0.14000000059604645,32.2400016784668,0.14800000190734863,33.83000183105469,0,0
2020-06-19,0.14300000667572021,35.119998931884766,0.14800000190734863,35.119998931884766,0.14000000059604645,30.399999618530273,0.14300000667572021,32.06999969482422,0,0
2020-06-22,0.14000000059604645,31.770000457763672,0.14300000667572021,35.38999938964844,0.14000000059604645,31.639999389648438,0.14000000059604645,35.220001220703125,0,0
2020-06-23,0.14000000059604645,31.3700008392334,0.14499999582767487,31.709999084472656,0.14000000059604645,29.260000228881836,0.14499999582767487,31.709999084472656,0,0
2020-06-24,0.13500000536441803,33.84000015258789,0.1379999965429306,37.119998931884766,0.13500000536441803,30.950000762939453,0.1379999965429306,31.049999237060547,0,0
2020-06-25,0.12999999523162842,32.220001220703125,0.13500000536441803,36.93000030517578,0.12800000607967377,31.59000015258789,0.13500000536441803,36.59000015258789,0,0
2020-06-26,0.13300000131130219,34.72999954223633,0.13500000536441803,36.25,0.12800000607967377,31.040000915527344,0.13300000131130219,33.0099983215332,0,0
2020-06-29,0.125,31.780000686645508,0.12999999523162842,36.310001373291016,0.125,31.780000686645508,0.12999999523162842,35.04999923706055,0,0
2020-06-30,0.13500000536441803,30.43000030517578,0.1379999965429306,32.939998626708984,0.13500000536441803,29.559999465942383,0.1379999965429306,32.540000915527344,0,0
2020-07-01,0.12999999523162842,28.6200008392334,0.13500000536441803,31.760000228881836,0.12999999523162842,28.200000762939453,0.13500000536441803,30.959999084472656,0,0
2020-07-02,0.13300000131130219,27.68000030517578,0.13500000536441803,28.440000534057617,0.12800000607967377,25.899999618530273,0.12800000607967377,28.329999923706055,0,0
2020-07-06,0.12800000607967377,27.940000534057617,0.13500000536441803,28.329999923706055,0.12800000607967377,24.920000076293945,0.13500000536441803,27.760000228881836,0,0
2020-07-07,0.14000000059604645,29.43000030517578,0.14300000667572021,29.6299991607666,0.14000000059604645,27.25,0.14000000059604645,28.770000457763672,0,0
2020-07-08,0.13500000536441803,28.079999923706055,0.1379999965429306,30.200000762939453,0.13500000536441803,27.239999771118164,0.1379999965429306,28.950000762939453,0,0
2020-07-09,0.12300000339746475,29.260000228881836,0.12999999523162842,31.479999542236328,0.11999999731779099,26.110000610351562,0.12999999523162842,28.18000030517578,0,0
2020-07-10,0.11999999731779099,27.290000915527344,0.11999999731779099,30.90999984741211,0.11999999731779099,27.1299991607666,0.11999999731779099,30.860000610351562,0,0
2020-07-13,0.125,32.189998626708984,0.12800000607967377,32.45000076293945,0.11999999731779099,26.8700008392334,0.11999999731779099,27.850000381469727,0,0
2020-07-14,0.13300000131130219,29.520000457763672,0.13300000131130219,33.66999816894531,0.13300000131130219,29.209999084472656,0.13300000131130219,31.139999389648438,0,0
2020-07-15,0.125,27.760000228881836,0.12800000607967377,30.09000015258789,0.11999999731779099,27.170000076293945,0.125,29.149999618530273,0,0
2020-07-16,0.10300000011920929,28.0,0.11800000071525574,29.290000915527344,0.10000000149011612,26.979999542236328,0.11800000071525574,28.40999984741211,0,0
2020-07-17,0.10499999672174454,25.68000030517578,0.10499999672174454,27.540000915527344,0.10000000149011612,25.40999984741211,0.10000000149011612,27.149999618530273,0,0
2020-07-20,0.10499999672174454,24.459999084472656,0.1080000028014183,27.079999923706055,0.10499999672174454,24.350000381469727,0.10499999672174454,26.940000534057617,0,0
2020-07-21,0.10999999940395355,24.84000015258789,0.11500000208616257,25.649999618530273,0.10999999940395355,23.610000610351562,0.11500000208616257,24.079999923706055,0,0
2020-07-22,0.10000000149011612,24.31999969482422,0.10499999672174454,26.260000228881836,0.10000000149011612,24.1299991607666,0.10499999672174454,24.559999465942383,0,0
2020-07-23,0.10300000011920929,26.079999923706055,0.1080000028014183,26.950000762939453,0.10000000149011612,23.600000381469727,0.1080000028014183,23.969999313354492,0,0
2020-07-24,0.09799999743700027,25.84000015258789,0.10300000011920929,28.579999923706055,0.09799999743700027,25.530000686645508,0.10300000011920929,27.959999084472656,0,0
2020-07-27,0.09300000220537186,24.739999771118164,0.09799999743700027,26.940000534057617,0.09000000357627869,24.549999237060547,0.09799999743700027,26.600000381469727,0,0
2020-07-28,0.10300000011920929,25.440000534057617,0.10499999672174454,25.850000381469727,0.10300000011920929,24.049999237060547,0.10300000011920929,24.860000610351562,0,0
2020-07-29,0.09000000357627869,24.100000381469727,0.09799999743700027,25.420000076293945,0.09000000357627869,23.729999542236328,0.09799999743700027,25.15999984741211,0,0
2020-07-30,0.08500000089406967,24.760000228881836,0.09000000357627869,28.290000915527344,0.08500000089406967,24.639999389648438,0.09000000357627869,25.040000915527344,0,0
2020-07-31,0.08299999684095383,24.459999084472656,0.08500000089406967,26.40999984741211,0.08299999684095383,23.549999237060547,0.08299999684095383,24.790000915527344,0,0
2020-08-03,0.07800000160932541,24.280000686645508,0.08299999684095383,26.010000228881836,0.07500000298023224,22.170000076293945,0.08299999684095383,25.75,0,0
2020-08-04,0.09000000357627869,23.760000228881836,0.09300000220537186,24.760000228881836,0.09000000357627869,22.920000076293945,0.09300000220537186,24.010000228881836,0,0
2020-08-05,0.0949999988079071,22.989999771118164,0.0949999988079071,23.610000610351562,0.09000000357627869,22.860000610351562,0.09000000357627869,23.440000534057617,0,0
2020-08-06,0.08799999952316284,22.649999618530273,0.09300000220537186,24.110000610351562,0.08500000089406967,20.969999313354492,0.09300000220537186,23.030000686645508,0,0
2020-08-07,0.08799999952316284,22.209999084472656,0.08799999952316284,24.020000457763672,0.08299999684095383,22.020000457763672,0.08299999684095383,23.450000762939453,0,0
2020-08-10,0.08799999952316284,22.1299991607666,0.09300000220537186,23.520000457763672,0.08799999952316284,21.459999084472656,0.08799999952316284,22.8799991607666,0,0
2020-08-11,0.10000000149011612,24.030000686645508,0.10300000011920929,24.93000030517578,0.09799999743700027,20.280000686645508,0.10300000011920929,21.850000381469727,0,0
2020-08-12,0.10000000149011612,22.280000686645508,0.10000000149011612,22.8799991607666,0.10000000149011612,21.540000915527344,0.10000000149011612,22.81999969482422,0,0
2020-08-13,0.09000000357627869,22.1299991607666,0.09300000220537186,22.920000076293945,0.09000000357627869,21.450000762939453,0.09300000220537186,22.200000762939453,0,0
2020-08-14,0.08799999952316284,22.049999237060547,0.09000000357627869,23.549999237060547,0.08799999952316284,21.790000915527344,0.09000000357627869,22.270000457763672,0,0
2020-08-17,0.08500000089406967,21.350000381469727,0.08500000089406967,22.81999969482422,0.08299999684095383,21.34000015258789,0.08299999684095383,22.520000457763672,0,0
2020-08-18,0.10000000149011612,21.510000228881836,0.10000000149011612,22.549999237060547,0.10000000149011612,21.18000030517578,0.10000000149011612,21.690000534057617,0,0
2020-08-19,0.0949999988079071,22.540000915527344,0.10000000149011612,22.979999542236328,0.0949999988079071,20.989999771118164,0.10000000149011612,21.600000381469727,0,0
2020-08-20,0.08799999952316284,22.719999313354492,0.08799999952316284,24.600000381469727,0.08299999684095383,22.3700008392334,0.08500000089406967,24.100000381469727,0,0
2020-08-21,0.08799999952316284,22.540000915527344,0.08799999952316284,24.469999313354492,0.08299999684095383,22.059999465942383,0.08299999684095383,22.579999923706055,0,0
2020-08-24,0.08500000089406967,22.3700008392334,0.08799999952316284,23.18000030517578,0.08500000089406967,21.25,0.08799999952316284,22.8700008392334,0,0
2020-08-25,0.0949999988079071,22.030000686645508,0.0949999988079071,23.43000030517578,0.0949999988079071,21.530000686645508,0.0949999988079071,22.15999984741211,0,0
2020-08-26,0.09300000220537186,23.270000457763672,0.0949999988079071,23.270000457763672,0.09300000220537186,20.920000076293945,0.0949999988079071,22.139999389648438,0,0
2020-08-27,0.0949999988079071,24.469999313354492,0.0949999988079071,27.09000015258789,0.08799999952316284,21.440000534057617,0.08799999952316284,23.420000076293945,0,0
2020-08-28,0.0949999988079071,22.959999084472656,0.0949999988079071,26.299999237060547,0.0949999988079071,22.639999389648438,0.0949999988079071,24.59000015258789,0,0
2020-08-31,0.0949999988079071,26.40999984741211,0.09799999743700027,26.5,0.09300000220537186,21.770000457763672,0.09300000220537186,23.90999984741211,0,0
2020-09-01,0.10000000149011612,26.1200008392334,0.10000000149011612,26.59000015258789,0.10000000149011612,25.020000457763672,0.10000000149011612,25.860000610351562,0,0
2020-09-02,0.10000000149011612,26.56999969482422,0.10300000011920929,27.06999969482422,0.09799999743700027,25.530000686645508,0.09799999743700027,26.010000228881836,0,0
2020-09-03,0.10000000149011612,33.599998474121094,0.10300000011920929,35.939998626708984,0.09799999743700027,25.65999984741211,0.09799999743700027,26.280000686645508,0,0
2020-09-04,0.10300000011920929,30.75,0.10499999672174454,38.279998779296875,0.09799999743700027,29.5,0.10000000149011612,34.619998931884766,0,0
2020-09-08,0.1080000028014183,31.459999084472656,0.1080000028014183,35.93000030517578,0.10300000011920929,30.520000457763672,0.10300000011920929,30.610000610351562,0,0
2020-09-09,0.10499999672174454,28.809999465942383,0.10999999940395355,31.780000686645508,0.10300000011920929,28.1200008392334,0.10999999940395355,31.68000030517578,0,0
2020-09-10,0.10300000011920929,29.709999084472656,0.1080000028014183,30.559999465942383,0.10300000011920929,27.59000015258789,0.10300000011920929,28.670000076293945,0,0
2020-09-11,0.10300000011920929,26.8700008392334,0.10499999672174454,29.729999542236328,0.10300000011920929,26.510000228881836,0.10300000011920929,28.6299991607666,0,0
2020-09-14,0.10000000149011612,25.850000381469727,0.10300000011920929,26.790000915527344,0.09799999743700027,25.3799991607666,0.10000000149011612,25.860000610351562,0,0
2020-09-15,0.10000000149011612,25.59000015258789,0.10499999672174454,26.0,0.10000000149011612,24.920000076293945,0.10499999672174454,25.920000076293945,0,0
2020-09-16,0.10000000149011612,26.040000915527344,0.10000000149011612,26.59000015258789,0.09799999743700027,24.84000015258789,0.09799999743700027,25.309999465942383,0,0
2020-09-17,0.08500000089406967,26.459999084472656,0.09300000220537186,28.920000076293945,0.07500000298023224,26.260000228881836,0.09300000220537186,28.219999313354492,0,0
2020-09-18,0.08299999684095383,25.829999923706055,0.08299999684095383,28.100000381469727,0.07800000160932541,25.280000686645508,0.08299999684095383,26.649999618530273,0,0
2020-09-21,0.07999999821186066,27.780000686645508,0.08299999684095383,31.18000030517578,0.07999999821186066,27.389999389648438,0.08299999684095383,28.040000915527344,0,0
2020-09-22,0.08799999952316284,26.860000610351562,0.09000000357627869,28.780000686645508,0.08799999952316284,26.479999542236328,0.09000000357627869,28.610000610351562,0,0
2020-09-23,0.08799999952316284,28.579999923706055,0.08799999952316284,29.729999542236328,0.08799999952316284,25.190000534057617,0.08799999952316284,27.020000457763672,0,0
2020-09-24,0.09300000220537186,28.510000228881836,0.09300000220537186,30.489999771118164,0.08799999952316284,27.940000534057617,0.08799999952316284,29.540000915527344,0,0
2020-09-25,0.09000000357627869,26.3799991607666,0.09300000220537186,30.43000030517578,0.08799999952316284,26.020000457763672,0.09000000357627869,28.170000076293945,0,0
2020-09-28,0.08799999952316284,26.190000534057617,0.09300000220537186,27.190000534057617,0.08799999952316284,24.899999618530273,0.09300000220537186,27.149999618530273,0,0
2020-09-29,0.08500000089406967,26.270000457763672,0.09300000220537186,27.43000030517578,0.08299999684095383,25.979999542236328,0.09300000220537186,26.809999465942383,0,0
2020-09-30,0.08500000089406967,26.3700008392334,0.09300000220537186,27.1200008392334,0.08500000089406967,25.059999465942383,0.08500000089406967,26.690000534057617,0,0
2020-10-01,0.08299999684095383,26.700000762939453,0.09300000220537186,27.110000610351562,0.08299999684095383,25.329999923706055,0.08799999952316284,25.780000686645508,0,0
2020-10-02,0.08500000089406967,27.6299991607666,0.08500000089406967,29.899999618530273,0.08500000089406967,26.93000030517578,0.08500000089406967,28.8700008392334,0,0
2020-10-05,0.08500000089406967,27.959999084472656,0.08500000089406967,29.690000534057617,0.08299999684095383,27.270000457763672,0.08500000089406967,29.520000457763672,0,0
2020-10-06,0.08799999952316284,29.479999542236328,0.09000000357627869,30.0,0.08500000089406967,26.010000228881836,0.08799999952316284,28.049999237060547,0,0
2020-10-07,0.08799999952316284,28.059999465942383,0.09000000357627869,29.760000228881836,0.08500000089406967,27.940000534057617,0.09000000357627869,29.260000228881836,0,0
2020-10-08,0.08799999952316284,26.360000610351562,0.09000000357627869,27.989999771118164,0.08799999952316284,24.8799991607666,0.09000000357627869,27.649999618530273,0,0
2020-10-09,0.09300000220537186,25.0,0.0949999988079071,26.219999313354492,0.09000000357627869,24.030000686645508,0.09000000357627869,26.200000762939453,0,0
2020-10-12,0.09000000357627869,25.06999969482422,0.09000000357627869,25.649999618530273,0.09000000357627869,24.139999389648438,0.09000000357627869,25.649999618530273,0,0
2020-10-13,0.09300000220537186,26.06999969482422,0.0949999988079071,26.93000030517578,0.09000000357627869,25.15999984741211,0.0949999988079071,25.670000076293945,0,0
2020-10-14,0.10000000149011612,26.399999618530273,0.10000000149011612,27.229999542236328,0.10000000149011612,25.530000686645508,0.10000000149011612,25.719999313354492,0,0
2020-10-15,0.0949999988079071,26.969999313354492,0.09799999743700027,29.059999465942383,0.09300000220537186,26.81999969482422,0.0949999988079071,27.100000381469727,0,0
2020-10-16,0.09000000357627869,27.40999984741211,0.0949999988079071,27.459999084472656,0.09000000357627869,26.190000534057617,0.0949999988079071,27.15999984741211,0,0
2020-10-19,0.09000000357627869,29.18000030517578,0.09300000220537186,29.690000534057617,0.08500000089406967,27.040000915527344,0.09300000220537186,27.360000610351562,0,0
2020-10-20,0.0949999988079071,29.350000381469727,0.0949999988079071,29.600000381469727,0.0949999988079071,28.290000915527344,0.0949999988079071,28.809999465942383,0,0
2020-10-21,0.09000000357627869,28.649999618530273,0.0949999988079071,30.549999237060547,0.09000000357627869,28.3700008392334,0.0949999988079071,29.1200008392334,0,0
2020-10-22,0.08500000089406967,28.110000610351562,0.08500000089406967,30.1200008392334,0.08299999684095383,27.68000030517578,0.08299999684095383,30.100000381469727,0,0
2020-10-23,0.08299999684095383,27.549999237060547,0.08500000089406967,28.670000076293945,0.08299999684095383,27.260000228881836,0.08299999684095383,28.469999313354492,0,0
2020-10-26,0.07999999821186066,32.459999084472656,0.08799999952316284,33.68000030517578,0.07999999821186066,29.219999313354492,0.08299999684095383,29.3799991607666,0,0
2020-10-27,0.09000000357627869,33.349998474121094,0.09000000357627869,33.77000045776367,0.09000000357627869,31.850000381469727,0.09000000357627869,32.040000915527344,0,0
2020-10-28,0.09000000357627869,40.279998779296875,0.09000000357627869,40.77000045776367,0.09000000357627869,34.68000030517578,0.09000000357627869,34.689998626708984,0,0
2020-10-29,0.08299999684095383,37.59000015258789,0.08500000089406967,41.15999984741211,0.08299999684095383,35.630001068115234,0.08299999684095383,38.79999923706055,0,0
2020-10-30,0.08299999684095383,38.02000045776367,0.08299999684095383,41.09000015258789,0.07999999821186066,36.5,0.08299999684095383,40.810001373291016,0,0
2020-11-02,0.08299999684095383,37.130001068115234,0.08299999684095383,38.779998779296875,0.07999999821186066,36.130001068115234,0.08299999684095383,38.56999969482422,0,0
2020-11-03,0.09000000357627869,35.54999923706055,0.09000000357627869,36.439998626708984,0.09000000357627869,34.189998626708984,0.09000000357627869,36.439998626708984,0,0
2020-11-04,0.08299999684095383,29.56999969482422,0.08799999952316284,36.849998474121094,0.08299999684095383,28.030000686645508,0.08799999952316284,36.790000915527344,0,0
2020-11-05,0.08500000089406967,27.579999923706055,0.08500000089406967,28.139999389648438,0.08299999684095383,26.040000915527344,0.08500000089406967,27.559999465942383,0,0
2020-11-06,0.08299999684095383,24.860000610351562,0.08500000089406967,29.440000534057617,0.07999999821186066,24.559999465942383,0.08500000089406967,27.8700008392334,0,0
2020-11-09,0.08799999952316284,25.75,0.08799999952316284,25.81999969482422,0.08299999684095383,22.40999984741211,0.08500000089406967,24.799999237060547,0,0
2020-11-10,0.09000000357627869,24.799999237060547,0.0949999988079071,26.770000457763672,0.09000000357627869,24.350000381469727,0.0949999988079071,25.360000610351562,0,0
2020-11-11,0.09000000357627869,23.450000762939453,0.09000000357627869,25.1200008392334,0.09000000357627869,22.56999969482422,0.09000000357627869,25.010000228881836,0,0
2020-11-12,0.08500000089406967,25.350000381469727,0.08799999952316284,27.270000457763672,0.08299999684095383,23.530000686645508,0.08500000089406967,24.389999389648438,0,0
2020-11-13,0.08299999684095383,23.100000381469727,0.08500000089406967,25.030000686645508,0.08299999684095383,22.739999771118164,0.08500000089406967,24.940000534057617,0,0
2020-11-16,0.07500000298023224,22.450000762939453,0.08500000089406967,24.079999923706055,0.07500000298023224,22.43000030517578,0.08500000089406967,23.65999984741211,0,0
2020-11-17,0.07999999821186066,22.709999084472656,0.08500000089406967,24.09000015258789,0.07999999821186066,22.34000015258789,0.08500000089406967,22.84000015258789,0,0
2020-11-18,0.07500000298023224,23.84000015258789,0.08299999684095383,23.920000076293945,0.07500000298023224,21.65999984741211,0.07999999821186066,22.860000610351562,0,0
2020-11-19,0.05999999865889549,23.110000610351562,0.06499999761581421,24.520000457763672,0.04800000041723251,22.559999465942383,0.06499999761581421,23.6200008392334,0,0
2020-11-20,0.057999998331069946,23.700000762939453,0.05999999865889549,23.729999542236328,0.057999998331069946,22.1299991607666,0.057999998331069946,23.43000030517578,0,0
2020-11-23,0.07000000029802322,22.65999984741211,0.07000000029802322,23.959999084472656,0.05999999865889549,22.450000762939453,0.05999999865889549,23.65999984741211,0,0
2020-11-24,0.07999999821186066,21.639999389648438,0.08500000089406967,22.479999542236328,0.07999999821186066,20.799999237060547,0.08500000089406967,22.040000915527344,0,0
2020-11-25,0.07999999821186066,21.25,0.08299999684095383,22.5,0.07999999821186066,21.1299991607666,0.07999999821186066,21.649999618530273,0,0
2020-11-27,0.0729999989271164,20.84000015258789,0.08500000089406967,21.600000381469727,0.0729999989271164,19.510000228881836,0.08299999684095383,21.520000457763672,0,0
2020-11-30,0.07500000298023224,20.56999969482422,0.07500000298023224,22.889999389648438,0.0729999989271164,20.479999542236328,0.07500000298023224,22.639999389648438,0,0
2020-12-01,0.07999999821186066,20.770000457763672,0.08299999684095383,20.920000076293945,0.07999999821186066,20.0,0.07999999821186066,20.209999084472656,0,0
2020-12-02,0.07500000298023224,21.170000076293945,0.07999999821186066,21.25,0.07500000298023224,20.040000915527344,0.07999999821186066,21.0,0,0
2020-12-03,0.07500000298023224,21.280000686645508,0.07500000298023224,21.8799991607666,0.07500000298023224,20.719999313354492,0.07500000298023224,21.239999771118164,0,0
2020-12-04,0.07500000298023224,20.790000915527344,0.07500000298023224,21.149999618530273,0.07500000298023224,19.969999313354492,0.07500000298023224,21.049999237060547,0,0
2020-12-07,0.07000000029802322,21.299999237060547,0.07800000160932541,22.6200008392334,0.07000000029802322,21.170000076293945,0.07500000298023224,22.040000915527344,0,0
2020-12-08,0.06800000369548798,20.68000030517578,0.0729999989271164,22.25,0.06800000369548798,20.520000457763672,0.0729999989271164,21.649999618530273,0,0
2020-12-09,0.07000000029802322,22.270000457763672,0.07000000029802322,22.93000030517578,0.07000000029802322,20.100000381469727,0.07000000029802322,20.65999984741211,0,0
2020-12-10,0.07000000029802322,22.520000457763672,0.07000000029802322,23.459999084472656,0.06499999761581421,21.530000686645508,0.06499999761581421,22.1200008392334,0,0
2020-12-11,0.06499999761581421,23.309999465942383,0.06800000369548798,25.139999389648438,0.06499999761581421,22.479999542236328,0.06499999761581421,22.489999771118164,0,0
2020-12-14,0.05999999865889549,24.719999313354492,0.07000000029802322,24.81999969482422,0.05999999865889549,21.950000762939453,0.07000000029802322,22.670000076293945,0,0
2020-12-15,0.07000000029802322,22.889999389648438,0.07000000029802322,24.06999969482422,0.07000000029802322,22.729999542236328,0.07000000029802322,24.0,0,0
2020-12-16,0.07500000298023224,22.5,0.07500000298023224,23.670000076293945,0.07500000298023224,22.290000915527344,0.07500000298023224,22.510000228881836,0,0
2020-12-17,0.07999999821186066,21.93000030517578,0.08299999684095383,22.270000457763672,0.07500000298023224,21.520000457763672,0.07500000298023224,21.979999542236328,0,0
2020-12-18,0.07999999821186066,21.56999969482422,0.07999999821186066,23.770000457763672,0.07999999821186066,21.56999969482422,0.07999999821186066,22.149999618530273,0,0
2020-12-21,0.07800000160932541,25.15999984741211,0.07999999821186066,31.459999084472656,0.07500000298023224,24.229999542236328,0.07999999821186066,24.25,0,0
2020-12-22,0.07800000160932541,24.229999542236328,0.08500000089406967,25.559999465942383,0.07500000298023224,23.530000686645508,0.08500000089406967,25.239999771118164,0,0
2020-12-23,0.07500000298023224,23.309999465942383,0.07999999821186066,23.68000030517578,0.07500000298023224,22.1299991607666,0.07500000298023224,23.489999771118164,0,0
2020-12-24,0.07500000298023224,21.530000686645508,0.07800000160932541,22.829999923706055,0.0729999989271164,21.389999389648438,0.07800000160932541,22.469999313354492,0,0
2020-12-28,0.07999999821186066,21.700000762939453,0.08299999684095383,22.1200008392334,0.07800000160932541,21.149999618530273,0.07800000160932541,22.110000610351562,0,0
2020-12-29,0.09000000357627869,23.079999923706055,0.09000000357627869,23.719999313354492,0.09000000357627869,20.989999771118164,0.09000000357627869,21.610000610351562,0,0
2020-12-30,0.07000000029802322,22.770000457763672,0.09000000357627869,23.149999618530273,0.07000000029802322,22.40999984741211,0.09000000357627869,22.579999923706055,0,0
2020-12-31,0.06499999761581421,22.75,0.06800000369548798,23.25,0.05999999865889549,21.239999771118164,0.06800000369548798,22.989999771118164,0,0
2021-01-04,0.06800000369548798,26.969999313354492,0.0729999989271164,29.190000534057617,0.06800000369548798,22.559999465942383,0.06800000369548798,23.040000915527344,0,0
2021-01-05,0.07800000160932541,25.34000015258789,0.07999999821186066,28.600000381469727,0.07800000160932541,24.799999237060547,0.07800000160932541,26.940000534057617,0,0
2021-01-06,0.07800000160932541,25.06999969482422,0.07800000160932541,26.770000457763672,0.07800000160932541,22.139999389648438,0.07800000160932541,25.479999542236328,0,0
2021-01-07,0.07999999821186066,22.3700008392334,0.08299999684095383,23.90999984741211,0.07800000160932541,22.25,0.07800000160932541,23.670000076293945,0,0
2021-01-08,0.07999999821186066,21.559999465942383,0.07999999821186066,23.34000015258789,0.07999999821186066,21.420000076293945,0.07999999821186066,22.43000030517578,0,0
2021-01-11,0.07999999821186066,24.079999923706055,0.07999999821186066,24.809999465942383,0.07999999821186066,23.229999542236328,0.07999999821186066,23.309999465942383,0,0
2021-01-12,0.07999999821186066,23.329999923706055,0.07999999821186066,25.149999618530273,0.07999999821186066,22.829999923706055,0.07999999821186066,23.489999771118164,0,0
2021-01-13,0.07999999821186066,22.209999084472656,0.07999999821186066,24.18000030517578,0.07999999821186066,21.920000076293945,0.07999999821186066,23.06999969482422,0,0
2021-01-14,0.07500000298023224,23.25,0.07800000160932541,23.469999313354492,0.07500000298023224,21.65999984741211,0.07500000298023224,22.219999313354492,0,0
2021-01-15,0.07500000298023224,24.34000015258789,0.07500000298023224,25.799999237060547,0.07500000298023224,23.079999923706055,0.07500000298023224,23.520000457763672,0,0
2021-01-19,0.0729999989271164,23.239999771118164,0.07500000298023224,23.559999465942383,0.0729999989271164,22.530000686645508,0.0729999989271164,23.030000686645508,0,0
2021-01-20,0.07500000298023224,21.579999923706055,0.07999999821186066,22.860000610351562,0.07500000298023224,21.3700008392334,0.07999999821186066,22.81999969482422,0,0
2021-01-21,0.0729999989271164,21.31999969482422,0.07500000298023224,22.219999313354492,0.0729999989271164,21.09000015258789,0.07500000298023224,21.34000015258789,0,0
2021-01-22,0.07000000029802322,21.90999984741211,0.07000000029802322,23.729999542236328,0.07000000029802322,21.270000457763672,0.07000000029802322,22.239999771118164,0,0
2021-01-25,0.07000000029802322,23.190000534057617,0.07000000029802322,26.6299991607666,0.06800000369548798,22.200000762939453,0.07000000029802322,22.309999465942383,0,0
2021-01-26,0.06800000369548798,23.020000457763672,0.0729999989271164,23.940000534057617,0.06499999761581421,22.549999237060547,0.0729999989271164,23.90999984741211,0,0
2021-01-27,0.05999999865889549,37.209999084472656,0.07000000029802322,37.209999084472656,0.05999999865889549,23.709999084472656,0.07000000029802322,23.81999969482422,0,0
2021-01-28,0.054999999701976776,30.209999084472656,0.06300000101327896,36.290000915527344,0.054999999701976776,27.389999389648438,0.06300000101327896,33.25,0,0
2021-01-29,0.04800000041723251,33.09000015258789,0.054999999701976776,37.5099983215332,0.04500000178813934,29.239999771118164,0.054999999701976776,35.15999984741211,0,0
2021-02-01,0.04800000041723251,30.239999771118164,0.05000000074505806,33.959999084472656,0.04500000178813934,29.030000686645508,0.04800000041723251,31.450000762939453,0,0
2021-02-02,0.05000000074505806,25.559999465942383,0.05999999865889549,28.079999923706055,0.05000000074505806,25.309999465942383,0.05999999865889549,28.010000228881836,0,0
2021-02-03,0.03999999910593033,22.90999984741211,0.05000000074505806,25.43000030517578,0.03999999910593033,22.90999984741211,0.05000000074505806,24.59000015258789,0,0
2021-02-04,0.029999999329447746,21.770000457763672,0.03799999877810478,23.440000534057617,0.02800000086426735,21.68000030517578,0.03799999877810478,23.440000534057617,0,0
2021-02-05,0.023000000044703484,20.8700008392334,0.02500000037252903,22.15999984741211,0.017999999225139618,20.860000610351562,0.023000000044703484,21.989999771118164,0,0
2021-02-08,0.019999999552965164,21.239999771118164,0.02800000086426735,22.06999969482422,0.019999999552965164,21.229999542236328,0.023000000044703484,21.889999389648438,0,0
2021-02-09,0.032999999821186066,21.6299991607666,0.032999999821186066,22.260000228881836,0.029999999329447746,20.649999618530273,0.032999999821186066,21.56999969482422,0,0
2021-02-10,0.03500000014901161,21.989999771118164,0.03500000014901161,23.850000381469727,0.03500000014901161,19.690000534057617,0.03500000014901161,21.639999389648438,0,0
2021-02-11,0.03500000014901161,21.25,0.03799999877810478,23.25,0.03500000014901161,21.110000610351562,0.03799999877810478,22.09000015258789,0,0
2021-02-12,0.03500000014901161,19.969999313354492,0.03500000014901161,22.450000762939453,0.03500000014901161,19.950000762939453,0.03500000014901161,21.600000381469727,0,0
2021-02-16,0.03500000014901161,21.459999084472656,0.03500000014901161,22.459999084472656,0.03500000014901161,20.8799991607666,0.03500000014901161,21.1299991607666,0,0
2021-02-17,0.03500000014901161,21.5,0.03500000014901161,23.440000534057617,0.03500000014901161,21.09000015258789,0.03500000014901161,22.020000457763672,0,0
2021-02-18,0.023000000044703484,22.489999771118164,0.03500000014901161,24.229999542236328,0.017999999225139618,21.799999237060547,0.02800000086426735,21.979999542236328,0,0
2021-02-19,0.023000000044703484,22.049999237060547,0.02500000037252903,23.190000534057617,0.023000000044703484,20.84000015258789,0.023000000044703484,23.100000381469727,0,0
2021-02-22,0.02500000037252903,23.450000762939453,0.02800000086426735,25.09000015258789,0.023000000044703484,21.959999084472656,0.023000000044703484,24.459999084472656,0,0
2021-02-23,0.023000000044703484,23.110000610351562,0.023000000044703484,27.010000228881836,0.023000000044703484,22.5,0.023000000044703484,22.81999969482422,0,0
2021-02-24,0.02800000086426735,21.34000015258789,0.029999999329447746,25.040000915527344,0.02800000086426735,21.309999465942383,0.029999999329447746,23.760000228881836,0,0
2021-02-25,0.032999999821186066,28.889999389648438,0.03999999910593033,31.15999984741211,0.02800000086426735,21.520000457763672,0.02800000086426735,21.729999542236328,0,0
2021-02-26,0.03500000014901161,27.950000762939453,0.03500000014901161,30.81999969482422,0.029999999329447746,25.229999542236328,0.032999999821186066,28.729999542236328,0,0
2021-03-01,0.02800000086426735,23.350000381469727,0.03500000014901161,25.389999389648438,0.02800000086426735,23.170000076293945,0.029999999329447746,25.200000762939453,0,0
2021-03-02,0.03500000014901161,24.100000381469727,0.03799999877810478,24.600000381469727,0.029999999329447746,22.799999237060547,0.029999999329447746,23.579999923706055,0,0
2021-03-03,0.03500000014901161,26.670000076293945,0.03500000014901161,26.790000915527344,0.03500000014901161,22.450000762939453,0.03500000014901161,22.799999237060547,0,0
2021-03-04,0.02800000086426735,28.56999969482422,0.032999999821186066,31.899999618530273,0.02800000086426735,24.93000030517578,0.02800000086426735,26.520000457763672,0,0
2021-03-05,0.02800000086426735,24.65999984741211,0.029999999329447746,30.030000686645508,0.02800000086426735,24.329999923706055,0.02800000086426735,29.479999542236328,0,0
2021-03-08,0.03500000014901161,25.469999313354492,0.03500000014901161,28.389999389648438,0.032999999821186066,24.06999969482422,0.032999999821186066,27.610000610351562,0,0
2021-03-09,0.03500000014901161,24.030000686645508,0.03999999910593033,25.25,0.032999999821186066,22.899999618530273,0.03999999910593033,25.110000610351562,0,0
2021-03-10,0.029999999329447746,22.559999465942383,0.03500000014901161,23.8700008392334,0.029999999329447746,22.3799991607666,0.03500000014901161,23.760000228881836,0,0
2021-03-11,0.02800000086426735,21.90999984741211,0.03500000014901161,22.5,0.02800000086426735,21.450000762939453,0.02800000086426735,22.5,0,0
2021-03-12,0.02500000037252903,20.690000534057617,0.029999999329447746,22.989999771118164,0.019999999552965164,20.6299991607666,0.029999999329447746,22.56999969482422,0,0
2021-03-15,0.014999999664723873,20.030000686645508,0.023000000044703484,21.860000610351562,0.014999999664723873,19.8700008392334,0.023000000044703484,21.84000015258789,0,0
2021-03-16,0.00800000037997961,19.790000915527344,0.019999999552965164,20.309999465942383,0.00800000037997961,19.329999923706055,0.019999999552965164,20.139999389648438,0,0
2021-03-17,0.00800000037997961,19.229999542236328,0.014999999664723873,20.950000762939453,0.004999999888241291,19.18000030517578,0.004999999888241291,20.100000381469727,0,0
2021-03-18,0.003000000026077032,21.579999923706055,0.004999999888241291,22.600000381469727,0.003000000026077032,18.950000762939453,0.004999999888241291,18.950000762939453,0,0
2021-03-19,0.004999999888241291,20.950000762939453,0.009999999776482582,23.170000076293945,0.003000000026077032,19.899999618530273,0.003000000026077032,21.43000030517578,0,0
2021-03-22,0.004999999888241291,18.8799991607666,0.004999999888241291,22.290000915527344,0.004999999888241291,18.8700008392334,0.004999999888241291,21.90999984741211,0,0
2021-03-23,0.009999999776482582,20.299999237060547,0.009999999776482582,21.579999923706055,0.009999999776482582,18.799999237060547,0.009999999776482582,19.459999084472656,0,0
2021-03-24,0.014999999664723873,21.200000762939453,0.014999999664723873,21.489999771118164,0.014999999664723873,19.299999237060547,0.014999999664723873,20.639999389648438,0,0
2021-03-25,0.014999999664723873,19.809999465942383,0.014999999664723873,23.549999237060547,0.00800000037997961,19.809999465942383,0.00800000037997961,20.799999237060547,0,0
2021-03-26,0.014999999664723873,18.860000610351562,0.014999999664723873,21.489999771118164,0.013000000268220901,18.68000030517578,0.013000000268220901,19.31999969482422,0,0
2021-03-29,0.00800000037997961,20.739999771118164,0.014999999664723873,21.600000381469727,0.00800000037997961,19.420000076293945,0.013000000268220901,20.399999618530273,0,0
2021-03-30,0.013000000268220901,19.610000610351562,0.014999999664723873,21.75,0.013000000268220901,19.469999313354492,0.013000000268220901,20.760000228881836,0,0
2021-03-31,0.013000000268220901,19.399999618530273,0.013000000268220901,20.110000610351562,0.013000000268220901,18.850000381469727,0.013000000268220901,19.799999237060547,0,0
2021-04-01,0.00800000037997961,17.329999923706055,0.009999999776482582,18.639999389648438,0.00800000037997961,17.290000915527344,0.009999999776482582,18.600000381469727,0,0
2021-04-05,0.014999999664723873,17.90999984741211,0.014999999664723873,18.399999618530273,0.013000000268220901,17.350000381469727,0.013000000268220901,18.15999984741211,0,0
2021-04-06,0.014999999664723873,18.1200008392334,0.014999999664723873,18.299999237060547,0.014999999664723873,17.3700008392334,0.014999999664723873,18.06999969482422,0,0
2021-04-07,0.009999999776482582,17.15999984741211,0.014999999664723873,18.170000076293945,0.00800000037997961,16.8700008392334,0.014999999664723873,17.989999771118164,0,0
2021-04-08,0.004999999888241291,16.950000762939453,0.00800000037997961,17.360000610351562,0.003000000026077032,16.549999237060547,0.00800000037997961,16.920000076293945,0,0
2021-04-09,0.003000000026077032,16.690000534057617,0.00800000037997961,17.34000015258789,0.003000000026077032,16.200000762939453,0.004999999888241291,17.049999237060547,0,0
2021-04-12,0.009999999776482582,16.90999984741211,0.009999999776482582,17.90999984741211,0.004999999888241291,16.809999465942383,0.004999999888241291,17.43000030517578,0,0
2021-04-13,0.014999999664723873,16.649999618530273,0.014999999664723873,17.860000610351562,0.013000000268220901,16.43000030517578,0.014999999664723873,16.989999771118164,0,0
2021-04-14,0.014999999664723873,16.989999771118164,0.014999999664723873,17.690000534057617,0.013000000268220901,15.380000114440918,0.014999999664723873,16.709999084472656,0,0
2021-04-15,0.009999999776482582,16.56999969482422,0.013000000268220901,16.920000076293945,0.00800000037997961,15.9399995803833,0.013000000268220901,16.780000686645508,0,0
2021-04-16,0.00800000037997961,16.25,0.009999999776482582,16.8799991607666,0.00800000037997961,16.049999237060547,0.00800000037997961,16.649999618530273,0,0
2021-04-19,0.014999999664723873,17.290000915527344,0.014999999664723873,18.610000610351562,0.009999999776482582,16.780000686645508,0.009999999776482582,17.040000915527344,0,0
2021-04-20,0.014999999664723873,18.68000030517578,0.017999999225139618,19.700000762939453,0.014999999664723873,17.239999771118164,0.017999999225139618,17.360000610351562,0,0
2021-04-21,0.013000000268220901,17.5,0.014999999664723873,19.290000915527344,0.013000000268220901,16.90999984741211,0.013000000268220901,18.479999542236328,0,0
2021-04-22,0.014999999664723873,18.709999084472656,0.017999999225139618,19.899999618530273,0.013000000268220901,16.989999771118164,0.014999999664723873,17.280000686645508,0,0
2021-04-23,0.014999999664723873,17.329999923706055,0.014999999664723873,18.780000686645508,0.013000000268220901,16.799999237060547,0.014999999664723873,18.559999465942383,0,0
2021-04-26,0.00800000037997961,17.639999389648438,0.014999999664723873,18.170000076293945,0.00800000037997961,16.8700008392334,0.014999999664723873,17.940000534057617,0,0
2021-04-27,0.009999999776482582,17.559999465942383,0.009999999776482582,18.15999984741211,0.00800000037997961,16.969999313354492,0.009999999776482582,17.6200008392334,0,0
2021-04-28,0.00800000037997961,17.280000686645508,0.009999999776482582,17.84000015258789,0.004999999888241291,16.670000076293945,0.004999999888241291,17.469999313354492,0,0
2021-04-29,0.00800000037997961,17.610000610351562,0.00800000037997961,18.8700008392334,0.004999999888241291,16.770000457763672,0.004999999888241291,16.8799991607666,0,0
2021-04-30,0.003000000026077032,18.610000610351562,0.003000000026077032,19.25,0.003000000026077032,17.639999389648438,0.003000000026077032,17.670000076293945,0,0
2021-05-03,0.004999999888241291,18.309999465942383,0.00800000037997961,19.1200008392334,0.003000000026077032,17.799999237060547,0.003000000026077032,18.649999618530273,0,0
2021-05-04,0.009999999776482582,19.479999542236328,0.014999999664723873,21.850000381469727,0.009999999776482582,18.110000610351562,0.009999999776482582,18.15999984741211,0,0
2021-05-05,0.00800000037997961,19.149999618530273,0.009999999776482582,19.579999923706055,0.00800000037997961,17.889999389648438,0.009999999776482582,18.84000015258789,0,0
2021-05-06,0.00800000037997961,18.389999389648438,0.009999999776482582,20.600000381469727,0.00800000037997961,18.209999084472656,0.009999999776482582,18.40999984741211,0,0
2021-05-07,0.00800000037997961,16.690000534057617,0.00800000037997961,18.56999969482422,0.00800000037997961,16.68000030517578,0.00800000037997961,18.450000762939453,0,0
2021-05-10,0.004999999888241291,19.65999984741211,0.004999999888241291,19.75,0.003000000026077032,17.06999969482422,0.004999999888241291,17.34000015258789,0,0
2021-05-11,0.009999999776482582,21.84000015258789,0.009999999776482582,23.729999542236328,0.009999999776482582,20.709999084472656,0.009999999776482582,21.170000076293945,0,0
2021-05-12,0.009999999776482582,27.59000015258789,0.009999999776482582,28.3799991607666,0.009999999776482582,21.65999984741211,0.009999999776482582,22.420000076293945,0,0
2021-05-13,0.00800000037997961,23.1299991607666,0.009999999776482582,28.93000030517578,0.00800000037997961,22.229999542236328,0.009999999776482582,26.030000686645508,0,0
2021-05-14,0.004999999888241291,18.809999465942383,0.004999999888241291,22.100000381469727,0.003000000026077032,18.65999984741211,0.004999999888241291,21.770000457763672,0,0
2021-05-17,0.004999999888241291,19.719999313354492,0.004999999888241291,21.579999923706055,0.003000000026077032,19.670000076293945,0.004999999888241291,19.889999389648438,0,0
2021-05-18,0.009999999776482582,21.34000015258789,0.009999999776482582,21.450000762939453,0.009999999776482582,18.809999465942383,0.009999999776482582,18.889999389648438,0,0
2021-05-19,0.004999999888241291,22.18000030517578,0.009999999776482582,25.959999084472656,0.004999999888241291,21.8799991607666,0.009999999776482582,22.459999084472656,0,0
2021-05-20,0.003000000026077032,20.670000076293945,0.003000000026077032,23.5,0.003000000026077032,20.190000534057617,0.003000000026077032,22.329999923706055,0,0
2021-05-21,0.003000000026077032,20.149999618530273,0.003000000026077032,20.889999389648438,0.003000000026077032,19.530000686645508,0.003000000026077032,20.420000076293945,0,0
2021-05-24,0.003000000026077032,18.399999618530273,0.003000000026077032,20.510000228881836,0.003000000026077032,18.3799991607666,0.003000000026077032,20.5,0,0
2021-05-25,0.009999999776482582,18.84000015258789,0.009999999776482582,19.290000915527344,0.009999999776482582,16.8700008392334,0.009999999776482582,18.350000381469727,0,0
2021-05-26,0.004999999888241291,17.360000610351562,0.009999999776482582,18.920000076293945,0.004999999888241291,17.350000381469727,0.009999999776482582,18.3700008392334,0,0
2021-05-27,0.004999999888241291,16.739999771118164,0.004999999888241291,18.170000076293945,0.004999999888241291,16.520000457763672,0.004999999888241291,18.030000686645508,0,0
2021-05-28,0.00800000037997961,16.760000228881836,0.00800000037997961,16.860000610351562,0.003000000026077032,15.899999618530273,0.00800000037997961,16.799999237060547,0,0
2021-06-01,0.009999999776482582,17.899999618530273,0.009999999776482582,18.530000686645508,0.009999999776482582,15.680000305175781,0.009999999776482582,17.239999771118164,0,0
2021-06-02,0.014999999664723873,17.479999542236328,0.014999999664723873,18.309999465942383,0.014999999664723873,16.739999771118164,0.014999999664723873,17.860000610351562,0,0
2021-06-03,0.014999999664723873,18.040000915527344,0.017999999225139618,19.270000457763672,0.013000000268220901,17.450000762939453,0.013000000268220901,17.729999542236328,0,0
2021-06-04,0.014999999664723873,16.420000076293945,0.014999999664723873,18.420000076293945,0.014999999664723873,16.18000030517578,0.014999999664723873,18.09000015258789,0,0
2021-06-07,0.017999999225139618,16.420000076293945,0.019999999552965164,17.350000381469727,0.014999999664723873,15.779999732971191,0.014999999664723873,17.34000015258789,0,0
2021-06-08,0.019999999552965164,17.06999969482422,0.019999999552965164,17.75,0.019999999552965164,15.149999618530273,0.019999999552965164,16.579999923706055,0,0
2021-06-09,0.019999999552965164,17.889999389648438,0.019999999552965164,17.959999084472656,0.019999999552965164,15.550000190734863,0.019999999552965164,17.18000030517578,0,0
2021-06-10,0.019999999552965164,16.100000381469727,0.019999999552965164,18.290000915527344,0.019999999552965164,16.010000228881836,0.019999999552965164,18.18000030517578,0,0
2021-06-11,0.017999999225139618,15.649999618530273,0.017999999225139618,16.200000762939453,0.014999999664723873,15.149999618530273,0.017999999225139618,16.18000030517578,0,0
2021-06-14,0.014999999664723873,16.389999389648438,0.019999999552965164,17.040000915527344,0.014999999664723873,15.039999961853027,0.017999999225139618,16.040000915527344,0,0
2021-06-15,0.019999999552965164,17.020000457763672,0.019999999552965164,17.350000381469727,0.014999999664723873,16.139999389648438,0.019999999552965164,16.270000457763672,0,0
2021-06-16,0.02800000086426735,18.149999618530273,0.03500000014901161,19.110000610351562,0.004999999888241291,16.420000076293945,0.019999999552965164,16.989999771118164,0,0
2021-06-17,0.02800000086426735,17.75,0.029999999329447746,19.219999313354492,0.02800000086426735,16.709999084472656,0.029999999329447746,18.489999771118164,0,0
2021-06-18,0.02800000086426735,20.700000762939453,0.029999999329447746,21.040000915527344,0.02800000086426735,16.920000076293945,0.02800000086426735,16.959999084472656,0,0
2021-06-21,0.029999999329447746,17.889999389648438,0.032999999821186066,21.81999969482422,0.029999999329447746,17.809999465942383,0.029999999329447746,21.739999771118164,0,0
2021-06-22,0.03799999877810478,16.65999984741211,0.03799999877810478,18.31999969482422,0.03500000014901161,15.760000228881836,0.03500000014901161,17.90999984741211,0,0
2021-06-23,0.03999999910593033,16.31999969482422,0.03999999910593033,16.84000015258789,0.029999999329447746,14.859999656677246,0.03500000014901161,16.25,0,0
2021-06-24,0.0430000014603138,15.970000267028809,0.0430000014603138,16.049999237060547,0.03799999877810478,14.1899995803833,0.03799999877810478,15.989999771118164,0,0
2021-06-25,0.0430000014603138,15.619999885559082,0.0430000014603138,16.170000076293945,0.0430000014603138,15.210000038146973,0.0430000014603138,16.040000915527344,0,0
2021-06-28,0.03999999910593033,15.760000228881836,0.0430000014603138,16.459999084472656,0.03999999910593033,15.390000343322754,0.0430000014603138,16.06999969482422,0,0
2021-06-29,0.03999999910593033,16.020000457763672,0.04500000178813934,16.309999465942383,0.03799999877810478,14.100000381469727,0.04500000178813934,15.6899995803833,0,0
2021-06-30,0.03999999910593033,15.829999923706055,0.03999999910593033,17.309999465942383,0.03999999910593033,15.579999923706055,0.03999999910593033,16.18000030517578,0,0
2021-07-01,0.03999999910593033,15.479999542236328,0.03999999910593033,16.010000228881836,0.03799999877810478,15.3100004196167,0.03999999910593033,15.619999885559082,0,0
2021-07-02,0.03799999877810478,15.069999694824219,0.03999999910593033,15.539999961853027,0.03799999877810478,14.25,0.03799999877810478,15.529999732971191,0,0
2021-07-06,0.03999999910593033,16.440000534057617,0.0430000014603138,17.940000534057617,0.03999999910593033,15.729999542236328,0.03999999910593033,15.770000457763672,0,0
2021-07-07,0.0430000014603138,16.200000762939453,0.04500000178813934,17.639999389648438,0.03999999910593033,16.079999923706055,0.0430000014603138,16.43000030517578,0,0
2021-07-08,0.0430000014603138,19.0,0.0430000014603138,21.290000915527344,0.0430000014603138,17.739999771118164,0.0430000014603138,17.739999771118164,0,0
2021-07-09,0.0430000014603138,16.18000030517578,0.0430000014603138,18.1299991607666,0.03999999910593033,16.079999923706055,0.0430000014603138,17.8799991607666,0,0
2021-07-12,0.0430000014603138,16.170000076293945,0.0430000014603138,17.520000457763672,0.03999999910593033,16.139999389648438,0.0430000014603138,16.850000381469727,0,0
2021-07-13,0.04500000178813934,17.1200008392334,0.05000000074505806,17.229999542236328,0.0430000014603138,15.9399995803833,0.04500000178813934,16.389999389648438,0,0
2021-07-14,0.04500000178813934,16.329999923706055,0.04500000178813934,17.510000228881836,0.04500000178813934,15.949999809265137,0.04500000178813934,17.34000015258789,0,0
2021-07-15,0.03799999877810478,17.010000228881836,0.0430000014603138,18.09000015258789,0.03799999877810478,16.559999465942383,0.0430000014603138,16.700000762939453,0,0
2021-07-16,0.03799999877810478,18.450000762939453,0.03999999910593033,18.700000762939453,0.03799999877810478,16.030000686645508,0.03999999910593033,16.799999237060547,0,0
2021-07-19,0.03999999910593033,22.5,0.03999999910593033,25.09000015258789,0.03500000014901161,19.270000457763672,0.03799999877810478,19.610000610351562,0,0
2021-07-20,0.04500000178813934,19.729999542236328,0.04500000178813934,22.969999313354492,0.0430000014603138,19.3700008392334,0.04500000178813934,20.889999389648438,0,0
2021-07-21,0.04500000178813934,17.90999984741211,0.04500000178813934,19.81999969482422,0.04500000178813934,17.809999465942383,0.04500000178813934,19.729999542236328,0,0
2021-07-22,0.0430000014603138,17.690000534057617,0.04500000178813934,18.450000762939453,0.03799999877810478,17.399999618530273,0.04500000178813934,17.59000015258789,0,0
2021-07-23,0.04500000178813934,17.200000762939453,0.04500000178813934,17.479999542236328,0.03799999877810478,16.329999923706055,0.03999999910593033,16.979999542236328,0,0
2021-07-26,0.03999999910593033,17.579999923706055,0.04500000178813934,19.389999389648438,0.03999999910593033,17.530000686645508,0.03999999910593033,18.670000076293945,0,0
2021-07-27,0.04500000178813934,19.360000610351562,0.04500000178813934,20.440000534057617,0.03999999910593033,18.25,0.04500000178813934,18.6200008392334,0,0
2021-07-28,0.04500000178813934,18.309999465942383,0.04500000178813934,19.6200008392334,0.04500000178813934,17.520000457763672,0.04500000178813934,19.40999984741211,0,0
2021-07-29,0.03999999910593033,17.700000762939453,0.04500000178813934,18.010000228881836,0.03999999910593033,17.190000534057617,0.04500000178813934,17.90999984741211,0,0
2021-07-30,0.03999999910593033,18.239999771118164,0.03999999910593033,19.719999313354492,0.03999999910593033,17.530000686645508,0.03999999910593033,19.690000534057617,0,0
2021-08-02,0.03799999877810478,19.459999084472656,0.03799999877810478,19.8700008392334,0.03799999877810478,17.989999771118164,0.03799999877810478,18.15999984741211,0,0
2021-08-03,0.04500000178813934,18.040000915527344,0.04500000178813934,20.440000534057617,0.0430000014603138,17.700000762939453,0.0430000014603138,19.170000076293945,0,0
2021-08-04,0.04500000178813934,17.969999313354492,0.04500000178813934,18.899999618530273,0.04500000178813934,17.670000076293945,0.04500000178813934,18.229999542236328,0,0
2021-08-05,0.0430000014603138,17.280000686645508,0.04500000178813934,17.84000015258789,0.0430000014603138,17.229999542236328,0.0430000014603138,17.729999542236328,0,0
2021-08-06,0.0430000014603138,16.149999618530273,0.04500000178813934,17.5,0.0430000014603138,16.139999389648438,0.0430000014603138,17.459999084472656,0,0
2021-08-09,0.04500000178813934,16.719999313354492,0.04800000041723251,17.389999389648438,0.0430000014603138,16.59000015258789,0.04500000178813934,17.1200008392334,0,0
2021-08-10,0.05000000074505806,16.790000915527344,0.05000000074505806,17.049999237060547,0.04500000178813934,16.34000015258789,0.04800000041723251,16.81999969482422,0,0
2021-08-11,0.04500000178813934,16.170000076293945,0.05000000074505806,17.09000015258789,0.03999999910593033,16.06999969482422,0.05000000074505806,16.809999465942383,0,0
2021-08-12,0.0430000014603138,15.59000015258789,0.04500000178813934,16.420000076293945,0.0430000014603138,15.489999771118164,0.04500000178813934,16.329999923706055,0,0
2021-08-13,0.04500000178813934,15.449999809265137,0.04500000178813934,15.720000267028809,0.03999999910593033,15.1899995803833,0.03999999910593033,15.680000305175781,0,0
2021-08-16,0.057999998331069946,16.1200008392334,0.05999999865889549,17.709999084472656,0.04500000178813934,16.020000457763672,0.04800000041723251,17.049999237060547,0,0
2021-08-17,0.06300000101327896,17.90999984741211,0.06499999761581421,19.559999465942383,0.06300000101327896,16.709999084472656,0.06499999761581421,17.309999465942383,0,0
2021-08-18,0.054999999701976776,21.56999969482422,0.06499999761581421,21.639999389648438,0.05000000074505806,17.309999465942383,0.06499999761581421,17.559999465942383,0,0
2021-08-19,0.0430000014603138,21.670000076293945,0.054999999701976776,24.739999771118164,0.0430000014603138,20.3700008392334,0.054999999701976776,23.1200008392334,0,0
2021-08-20,0.0430000014603138,18.559999465942383,0.0430000014603138,23.899999618530273,0.03999999910593033,18.18000030517578,0.0430000014603138,22.739999771118164,0,0
2021-08-23,0.03999999910593033,17.149999618530273,0.0430000014603138,18.950000762939453,0.032999999821186066,16.950000762939453,0.0430000014603138,18.829999923706055,0,0
2021-08-24,0.04800000041723251,17.219999313354492,0.05000000074505806,17.510000228881836,0.04800000041723251,16.940000534057617,0.04800000041723251,16.959999084472656,0,0
2021-08-25,0.04500000178813934,16.790000915527344,0.05000000074505806,17.5,0.04500000178813934,16.459999084472656,0.05000000074505806,17.420000076293945,0,0
2021-08-26,0.0430000014603138,18.84000015258789,0.0430000014603138,19.270000457763672,0.0430000014603138,17.15999984741211,0.0430000014603138,17.459999084472656,0,0
2021-08-27,0.0430000014603138,16.389999389648438,0.0430000014603138,18.219999313354492,0.0430000014603138,16.110000610351562,0.0430000014603138,17.950000762939453,0,0
2021-08-30,0.03799999877810478,16.190000534057617,0.04500000178813934,16.799999237060547,0.03799999877810478,15.979999542236328,0.04500000178813934,16.770000457763672,0,0
2021-08-31,0.03999999910593033,16.479999542236328,0.03999999910593033,17.06999969482422,0.03799999877810478,15.90999984741211,0.03999999910593033,15.979999542236328,0,0
2021-09-01,0.03999999910593033,16.110000610351562,0.03999999910593033,16.709999084472656,0.03999999910593033,15.680000305175781,0.03999999910593033,16.059999465942383,0,0
2021-09-02,0.03999999910593033,16.40999984741211,0.03999999910593033,16.979999542236328,0.03500000014901161,15.729999542236328,0.03500000014901161,16.270000457763672,0,0
2021-09-03,0.03999999910593033,16.40999984741211,0.03999999910593033,17.059999465942383,0.03500000014901161,16.079999923706055,0.03999999910593033,16.270000457763672,0,0
2021-09-07,0.03500000014901161,18.139999389648438,0.03999999910593033,18.389999389648438,0.032999999821186066,16.889999389648438,0.03500000014901161,16.940000534057617,0,0
2021-09-08,0.03999999910593033,17.959999084472656,0.03999999910593033,19.639999389648438,0.03799999877810478,17.780000686645508,0.03999999910593033,18.969999313354492,0,0
2021-09-09,0.03799999877810478,18.799999237060547,0.03999999910593033,19.540000915527344,0.03500000014901161,17.170000076293945,0.03500000014901161,19.440000534057617,0,0
2021-09-10,0.03799999877810478,20.950000762939453,0.03799999877810478,21.1299991607666,0.03500000014901161,16.989999771118164,0.03500000014901161,17.940000534057617,0,0
2021-09-13,0.03799999877810478,19.3700008392334,0.03799999877810478,21.18000030517578,0.032999999821186066,18.760000228881836,0.03799999877810478,19.639999389648438,0,0
2021-09-14,0.03500000014901161,19.459999084472656,0.03500000014901161,20.469999313354492,0.032999999821186066,18.389999389648438,0.03500000014901161,19.579999923706055,0,0
2021-09-15,0.03500000014901161,18.18000030517578,0.03500000014901161,20.270000457763672,0.03500000014901161,18.010000228881836,0.03500000014901161,19.299999237060547,0,0
2021-09-16,0.029999999329447746,18.690000534057617,0.032999999821186066,19.760000228881836,0.02800000086426735,17.649999618530273,0.032999999821186066,18.40999984741211,0,0
2021-09-17,0.02800000086426735,20.809999465942383,0.032999999821186066,21.510000228881836,0.02800000086426735,18.350000381469727,0.029999999329447746,18.3700008392334,0,0
2021-09-20,0.02500000037252903,25.709999084472656,0.029999999329447746,28.790000915527344,0.019999999552965164,23.899999618530273,0.029999999329447746,24.25,0,0
2021-09-21,0.019999999552965164,24.360000610351562,0.02500000037252903,25.600000381469727,0.014999999664723873,21.709999084472656,0.02500000037252903,23.40999984741211,0,0
2021-09-22,0.02500000037252903,20.8700008392334,0.02500000037252903,23.399999618530273,0.017999999225139618,20.75,0.019999999552965164,22.719999313354492,0,0
2021-09-23,0.02500000037252903,18.6299991607666,0.03500000014901161,20.209999084472656,0.023000000044703484,18.420000076293945,0.02500000037252903,19.90999984741211,0,0
2021-09-24,0.02500000037252903,17.75,0.02800000086426735,20.40999984741211,0.02500000037252903,17.6299991607666,0.02500000037252903,19.329999923706055,0,0
2021-09-27,0.02500000037252903,18.760000228881836,0.02500000037252903,19.31999969482422,0.019999999552965164,17.739999771118164,0.02500000037252903,17.780000686645508,0,0
2021-09-28,0.029999999329447746,23.25,0.03500000014901161,24.81999969482422,0.02800000086426735,19.709999084472656,0.029999999329447746,19.739999771118164,0,0
2021-09-29,0.029999999329447746,22.559999465942383,0.03500000014901161,23.790000915527344,0.029999999329447746,21.450000762939453,0.029999999329447746,22.06999969482422,0,0
2021-09-30,0.02800000086426735,23.139999389648438,0.029999999329447746,24.709999084472656,0.02500000037252903,20.600000381469727,0.029999999329447746,21.479999542236328,0,0
2021-10-01,0.02800000086426735,21.100000381469727,0.032999999821186066,24.889999389648438,0.02500000037252903,20.850000381469727,0.029999999329447746,24.780000686645508,0,0
2021-10-04,0.02800000086426735,22.959999084472656,0.029999999329447746,24.579999923706055,0.02800000086426735,21.8799991607666,0.029999999329447746,22.899999618530273,0,0
2021-10-05,0.03500000014901161,21.299999237060547,0.03799999877810478,23.170000076293945,0.032999999821186066,20.6200008392334,0.032999999821186066,22.920000076293945,0,0
2021-10-06,0.03999999910593033,21.0,0.03999999910593033,24.399999618530273,0.03500000014901161,20.989999771118164,0.03500000014901161,22.950000762939453,0,0
2021-10-07,0.03999999910593033,19.540000915527344,0.04500000178813934,20.760000228881836,0.03799999877810478,19.06999969482422,0.03999999910593033,20.540000915527344,0,0
2021-10-08,0.03999999910593033,18.770000457763672,0.04500000178813934,19.940000534057617,0.03999999910593033,18.200000762939453,0.03999999910593033,19.459999084472656,0,0
2021-10-11,0.03999999910593033,20.0,0.03999999910593033,20.450000762939453,0.03999999910593033,18.110000610351562,0.03999999910593033,19.93000030517578,0,0
2021-10-12,0.03999999910593033,19.850000381469727,0.04500000178813934,20.809999465942383,0.03999999910593033,18.969999313354492,0.03999999910593033,20.6200008392334,0,0
2021-10-13,0.04500000178813934,18.639999389648438,0.04500000178813934,20.229999542236328,0.04500000178813934,18.440000534057617,0.04500000178813934,20.139999389648438,0,0
2021-10-14,0.03999999910593033,16.860000610351562,0.04500000178813934,18.079999923706055,0.03799999877810478,16.799999237060547,0.04500000178813934,18.010000228881836,0,0
2021-10-15,0.03799999877810478,16.299999237060547,0.03999999910593033,16.850000381469727,0.03799999877810478,15.720000267028809,0.03799999877810478,16.639999389648438,0,0
2021-10-18,0.0430000014603138,16.309999465942383,0.04500000178813934,17.93000030517578,0.0430000014603138,16.270000457763672,0.0430000014603138,17.290000915527344,0,0
2021-10-19,0.05000000074505806,15.699999809265137,0.05000000074505806,16.309999465942383,0.05000000074505806,15.569999694824219,0.05000000074505806,16.09000015258789,0,0
2021-10-20,0.05000000074505806,15.489999771118164,0.05000000074505806,15.890000343322754,0.05000000074505806,15.289999961853027,0.05000000074505806,15.819999694824219,0,0
2021-10-21,0.05000000074505806,15.010000228881836,0.05000000074505806,16.110000610351562,0.0430000014603138,14.920000076293945,0.04500000178813934,16.059999465942383,0,0
2021-10-22,0.05000000074505806,15.430000305175781,0.05000000074505806,16.389999389648438,0.05000000074505806,14.84000015258789,0.05000000074505806,15.350000381469727,0,0
2021-10-25,0.05000000074505806,15.239999771118164,0.05000000074505806,16.329999923706055,0.05000000074505806,15.100000381469727,0.05000000074505806,16.139999389648438,0,0
2021-10-26,0.05000000074505806,15.979999542236328,0.05000000074505806,16.709999084472656,0.05000000074505806,14.899999618530273,0.05000000074505806,15.020000457763672,0,0
2021-10-27,0.05000000074505806,16.979999542236328,0.05000000074505806,17.290000915527344,0.05000000074505806,15.539999961853027,0.05000000074505806,15.789999961853027,0,0
2021-10-28,0.04800000041723251,16.530000686645508,0.05000000074505806,17.15999984741211,0.0430000014603138,16.229999542236328,0.0430000014603138,17.059999465942383,0,0
2021-10-29,0.04800000041723251,16.260000228881836,0.04800000041723251,18.059999465942383,0.0430000014603138,16.1299991607666,0.0430000014603138,17.399999618530273,0,0
2021-11-01,0.03999999910593033,16.40999984741211,0.04800000041723251,17.700000762939453,0.03999999910593033,16.31999969482422,0.04800000041723251,16.850000381469727,0,0
2021-11-02,0.04500000178813934,16.030000686645508,0.04500000178813934,16.649999618530273,0.0430000014603138,15.890000343322754,0.04500000178813934,16.540000915527344,0,0
2021-11-03,0.04500000178813934,15.100000381469727,0.04500000178813934,16.389999389648438,0.0430000014603138,14.899999618530273,0.04500000178813934,16.110000610351562,0,0
2021-11-04,0.03500000014901161,15.4399995803833,0.03999999910593033,16.139999389648438,0.03500000014901161,14.729999542236328,0.03799999877810478,15.0600004196167,0,0
2021-11-05,0.03999999910593033,16.479999542236328,0.03999999910593033,17.020000457763672,0.03500000014901161,14.949999809265137,0.03500000014901161,15.59000015258789,0,0
2021-11-08,0.03500000014901161,17.219999313354492,0.03999999910593033,17.690000534057617,0.03500000014901161,16.440000534057617,0.03999999910593033,17.229999542236328,0,0
2021-11-09,0.03999999910593033,17.780000686645508,0.03999999910593033,18.56999969482422,0.03999999910593033,17.209999084472656,0.03999999910593033,17.43000030517578,0,0
2021-11-10,0.04500000178813934,18.729999542236328,0.04500000178813934,19.899999618530273,0.03799999877810478,17.219999313354492,0.03999999910593033,17.739999771118164,0,0
2021-11-11,0.03999999910593033,17.65999984741211,0.03999999910593033,18.389999389648438,0.03999999910593033,17.270000457763672,0.03999999910593033,18.34000015258789,0,0
2021-11-12,0.0430000014603138,16.290000915527344,0.0430000014603138,17.690000534057617,0.03999999910593033,16.149999618530273,0.0430000014603138,17.489999771118164,0,0
2021-11-15,0.03799999877810478,16.489999771118164,0.0430000014603138,17.459999084472656,0.032999999821186066,16.489999771118164,0.03999999910593033,17.030000686645508,0,0
2021-11-16,0.03999999910593033,16.3700008392334,0.03999999910593033,17.079999923706055,0.03999999910593033,16.030000686645508,0.03999999910593033,16.860000610351562,0,0
2021-11-17,0.04500000178813934,17.110000610351562,0.04500000178813934,17.190000534057617,0.03999999910593033,16.280000686645508,0.03999999910593033,16.360000610351562,0,0
2021-11-18,0.04500000178813934,17.59000015258789,0.04500000178813934,18.149999618530273,0.0430000014603138,16.3799991607666,0.04500000178813934,16.809999465942383,0,0
2021-11-19,0.04500000178813934,17.90999984741211,0.04500000178813934,19.010000228881836,0.0430000014603138,17.229999542236328,0.04500000178813934,17.360000610351562,0,0
2021-11-22,0.03999999910593033,19.170000076293945,0.0430000014603138,19.59000015258789,0.03799999877810478,17.350000381469727,0.0430000014603138,18.200000762939453,0,0
2021-11-23,0.04500000178813934,19.3799991607666,0.04500000178813934,20.90999984741211,0.04500000178813934,19.030000686645508,0.04500000178813934,20.239999771118164,0,0
2021-11-24,0.05000000074505806,18.579999923706055,0.05299999937415123,20.959999084472656,0.04500000178813934,18.520000457763672,0.04500000178813934,19.170000076293945,0,0
2021-11-26,0.0430000014603138,28.6200008392334,0.05000000074505806,28.989999771118164,0.03999999910593033,23.8799991607666,0.05000000074505806,26.6200008392334,0,0
2021-11-29,0.03799999877810478,22.959999084472656,0.0430000014603138,25.690000534057617,0.029999999329447746,21.709999084472656,0.0430000014603138,25.309999465942383,0,0
2021-11-30,0.04800000041723251,27.190000534057617,0.05000000074505806,28.559999465942383,0.0430000014603138,23.709999084472656,0.04500000178813934,26.229999542236328,0,0
2021-12-01,0.05000000074505806,31.1200008392334,0.05000000074505806,32.61000061035156,0.04500000178813934,22.3799991607666,0.04500000178813934,24.920000076293945,0,0
2021-12-02,0.0430000014603138,27.950000762939453,0.04500000178813934,30.68000030517578,0.0430000014603138,27.149999618530273,0.0430000014603138,29.440000534057617,0,0
2021-12-03,0.0430000014603138,30.670000076293945,0.0430000014603138,35.31999969482422,0.03799999877810478,25.889999389648438,0.03799999877810478,26.950000762939453,0,0
2021-12-06,0.0430000014603138,27.18000030517578,0.0430000014603138,30.81999969482422,0.03799999877810478,26.75,0.03799999877810478,28.989999771118164,0,0
2021-12-07,0.057999998331069946,21.889999389648438,0.057999998331069946,24.690000534057617,0.05000000074505806,21.579999923706055,0.05000000074505806,24.579999923706055,0,0
2021-12-08,0.05999999865889549,19.899999618530273,0.05999999865889549,23.110000610351562,0.054999999701976776,19.850000381469727,0.05999999865889549,21.739999771118164,0,0
2021-12-09,0.05299999937415123,21.579999923706055,0.054999999701976776,22.1200008392334,0.05000000074505806,19.940000534057617,0.054999999701976776,20.309999465942383,0,0
2021-12-10,0.05000000074505806,18.690000534057617,0.05000000074505806,21.299999237060547,0.04800000041723251,18.690000534057617,0.04800000041723251,21.270000457763672,0,0
2021-12-13,0.0430000014603138,20.309999465942383,0.04800000041723251,21.18000030517578,0.0430000014603138,18.959999084472656,0.04500000178813934,19.290000915527344,0,0
2021-12-14,0.04800000041723251,21.889999389648438,0.054999999701976776,23.0,0.04800000041723251,19.670000076293945,0.054999999701976776,19.670000076293945,0,0
2021-12-15,0.04500000178813934,19.290000915527344,0.05000000074505806,23.469999313354492,0.03799999877810478,19.020000457763672,0.05000000074505806,21.600000381469727,0,0
2021-12-16,0.03500000014901161,20.56999969482422,0.03999999910593033,22.1299991607666,0.02800000086426735,18.190000534057617,0.03799999877810478,18.559999465942383,0,0
2021-12-17,0.029999999329447746,21.56999969482422,0.03799999877810478,23.260000228881836,0.029999999329447746,20.489999771118164,0.03799999877810478,20.700000762939453,0,0
2021-12-20,0.03799999877810478,22.8700008392334,0.0430000014603138,27.389999389648438,0.032999999821186066,22.850000381469727,0.03500000014901161,25.889999389648438,0,0
2021-12-21,0.06499999761581421,21.010000228881836,0.07000000029802322,22.68000030517578,0.06499999761581421,20.899999618530273,0.06499999761581421,22.280000686645508,0,0
2021-12-22,0.06499999761581421,18.6299991607666,0.06499999761581421,21.360000610351562,0.06499999761581421,18.59000015258789,0.06499999761581421,21.040000915527344,0,0
2021-12-23,0.057999998331069946,17.959999084472656,0.05999999865889549,18.93000030517578,0.054999999701976776,17.6200008392334,0.057999998331069946,18.809999465942383,0,0
2021-12-27,0.0430000014603138,17.68000030517578,0.06300000101327896,19.40999984741211,0.0430000014603138,17.549999237060547,0.06300000101327896,19.3700008392334,0,0
2021-12-28,0.05000000074505806,17.540000915527344,0.06499999761581421,18.469999313354492,0.04800000041723251,17.510000228881836,0.06499999761581421,17.780000686645508,0,0
2021-12-29,0.04500000178813934,16.950000762939453,0.05000000074505806,18.0,0.03999999910593033,16.709999084472656,0.03999999910593033,17.6299991607666,0,0
2021-12-30,0.02500000037252903,17.329999923706055,0.032999999821186066,17.790000915527344,0.019999999552965164,16.6200008392334,0.032999999821186066,17.299999237060547,0,0
2021-12-31,0.032999999821186066,17.219999313354492,0.032999999821186066,18.270000457763672,0.02500000037252903,16.989999771118164,0.02800000086426735,17.6299991607666,0,0
2022-01-03,0.05299999937415123,16.600000381469727,0.057999998331069946,18.540000915527344,0.05000000074505806,16.559999465942383,0.05000000074505806,17.600000381469727,0,0
2022-01-04,0.07999999821186066,16.90999984741211,0.08500000089406967,17.809999465942383,0.07800000160932541,16.34000015258789,0.08500000089406967,16.56999969482422,0,0
2022-01-05,0.08500000089406967,19.729999542236328,0.09300000220537186,20.170000076293945,0.07999999821186066,16.579999923706055,0.07999999821186066,17.06999969482422,0,0
2022-01-06,0.09000000357627869,19.610000610351562,0.09300000220537186,21.059999465942383,0.08299999684095383,19.079999923706055,0.08299999684095383,20.290000915527344,0,0
2022-01-07,0.08799999952316284,18.760000228881836,0.09000000357627869,20.799999237060547,0.08500000089406967,18.56999969482422,0.09000000357627869,19.850000381469727,0,0
2022-01-10,0.09000000357627869,19.399999618530273,0.09300000220537186,23.329999923706055,0.08799999952316284,19.290000915527344,0.08799999952316284,19.579999923706055,0,0
2022-01-11,0.11800000071525574,18.40999984741211,0.11800000071525574,21.0,0.11500000208616257,18.200000762939453,0.11500000208616257,19.6200008392334,0,0
2022-01-12,0.11500000208616257,17.6200008392334,0.11500000208616257,18.690000534057617,0.10999999940395355,17.360000610351562,0.11500000208616257,18.170000076293945,0,0
2022-01-13,0.10999999940395355,20.309999465942383,0.11299999803304672,20.610000610351562,0.10499999672174454,17.450000762939453,0.11299999803304672,18.059999465942383,0,0
2022-01-14,0.11800000071525574,19.190000534057617,0.11800000071525574,22.06999969482422,0.11299999803304672,19.049999237060547,0.11299999803304672,20.110000610351562,0,0
2022-01-18,0.12999999523162842,22.790000915527344,0.13300000131130219,23.200000762939453,0.12300000339746475,21.18000030517578,0.12300000339746475,21.18000030517578,0,0
2022-01-19,0.16500000655651093,23.850000381469727,0.17000000178813934,23.989999771118164,0.1599999964237213,21.850000381469727,0.17000000178813934,23.1200008392334,0,0
2022-01-20,0.1679999977350235,25.59000015258789,0.1679999977350235,25.889999389648438,0.15800000727176666,21.68000030517578,0.16300000250339508,23.459999084472656,0,0
2022-01-21,0.15800000727176666,28.850000381469727,0.16500000655651093,29.790000915527344,0.15800000727176666,25.309999465942383,0.16300000250339508,25.3799991607666,0,0
2022-01-24,0.1550000011920929,29.899999618530273,0.16500000655651093,38.939998626708984,0.1550000011920929,28.020000457763672,0.16500000655651093,28.200000762939453,0,0
2022-01-25,0.1850000023841858,31.15999984741211,0.1899999976158142,35.849998474121094,0.18299999833106995,29.1299991607666,0.1850000023841858,32.290000915527344,0,0
2022-01-26,0.17800000309944153,31.959999084472656,0.1899999976158142,33.040000915527344,0.17000000178813934,26.899999618530273,0.1899999976158142,29.350000381469727,0,0
2022-01-27,0.1850000023841858,30.489999771118164,0.19300000369548798,33.0,0.17800000309944153,28.420000076293945,0.18799999356269836,32.189998626708984,0,0
2022-01-28,0.17299999296665192,27.65999984741211,0.18799999356269836,32.81999969482422,0.17000000178813934,27.280000686645508,0.18799999356269836,30.270000457763672,0,0
2022-01-31,0.17299999296665192,24.829999923706055,0.1850000023841858,29.40999984741211,0.17000000178813934,24.709999084472656,0.17800000309944153,28.360000610351562,0,0
2022-02-01,0.2029999941587448,21.959999084472656,0.22300000488758087,25.329999923706055,0.2029999941587448,21.959999084472656,0.2199999988079071,24.56999969482422,0,0
2022-02-02,0.1850000023841858,22.09000015258789,0.19499999284744263,22.729999542236328,0.18000000715255737,20.459999084472656,0.19499999284744263,21.559999465942383,0,0
2022-02-03,0.19300000369548798,24.350000381469727,0.1979999989271164,25.809999465942383,0.18799999356269836,22.299999237060547,0.19300000369548798,22.6299991607666,0,0
2022-02-04,0.22300000488758087,23.219999313354492,0.2280000001192093,26.260000228881836,0.18799999356269836,22.06999969482422,0.1899999976158142,23.770000457763672,0,0
2022-02-07,0.2029999941587448,22.860000610351562,0.2199999988079071,24.81999969482422,0.20000000298023224,22.020000457763672,0.2199999988079071,24.09000015258789,0,0
2022-02-08,0.2750000059604645,21.440000534057617,0.2750000059604645,23.479999542236328,0.26499998569488525,21.31999969482422,0.27000001072883606,23.09000015258789,0,0
2022-02-09,0.27000001072883606,19.959999084472656,0.2750000059604645,21.299999237060547,0.2680000066757202,19.93000030517578,0.27000001072883606,21.270000457763672,0,0
2022-02-10,0.3700000047683716,23.90999984741211,0.3700000047683716,24.770000457763672,0.2549999952316284,20.18000030517578,0.25999999046325684,20.3700008392334,0,0
2022-02-11,0.33799999952316284,27.360000610351562,0.382999986410141,30.989999771118164,0.3179999887943268,23.329999923706055,0.37299999594688416,24.389999389648438,0,0
2022-02-14,0.36000001430511475,28.329999923706055,0.3880000114440918,32.040000915527344,0.3499999940395355,28.329999923706055,0.35499998927116394,29.170000076293945,0,0
2022-02-15,0.4000000059604645,25.700000762939453,0.41999998688697815,28.09000015258789,0.39800000190734863,25.329999923706055,0.41499999165534973,28.09000015258789,0,0
2022-02-16,0.37299999594688416,24.290000915527344,0.4099999964237213,27.09000015258789,0.3499999940395355,23.8799991607666,0.4050000011920929,25.190000534057617,0,0
2022-02-17,0.3449999988079071,28.110000610351562,0.36000001430511475,28.3700008392334,0.33000001311302185,24.760000228881836,0.36000001430511475,24.829999923706055,0,0
2022-02-18,0.3179999887943268,27.75,0.33500000834465027,29.709999084472656,0.30799999833106995,26.3799991607666,0.328000009059906,26.65999984741211,0,0
2022-02-22,0.33000001311302185,28.809999465942383,0.33000001311302185,32.040000915527344,0.30799999833106995,28.399999618530273,0.3199999928474426,31.799999237060547,0,0
2022-02-23,0.3400000035762787,31.020000457763672,0.36500000953674316,31.06999969482422,0.3179999887943268,27.200000762939453,0.36500000953674316,28.040000915527344,0,0
2022-02-24,0.28299999237060547,30.31999969482422,0.29499998688697815,37.790000915527344,0.26499998569488525,29.450000762939453,0.29499998688697815,37.5,0,0
2022-02-25,0.2980000078678131,27.59000015258789,0.31299999356269836,32.0,0.2800000011920929,26.93000030517578,0.30300000309944153,31.68000030517578,0,0
2022-02-28,0.2879999876022339,30.149999618530273,0.3100000023841858,33.5099983215332,0.27300000190734863,28.43000030517578,0.3100000023841858,32.439998626708984,0,0
2022-03-01,0.31299999356269836,33.31999969482422,0.33799999952316284,35.189998626708984,0.30000001192092896,29.440000534057617,0.33000001311302185,29.450000762939453,0,0
2022-03-02,0.32499998807907104,30.739999771118164,0.3449999988079071,34.40999984741211,0.3179999887943268,30.1200008392334,0.33000001311302185,34.20000076293945,0,0
2022-03-03,0.33500000834465027,30.479999542236328,0.33500000834465027,32.0099983215332,0.2980000078678131,29.309999465942383,0.3100000023841858,30.520000457763672,0,0
2022-03-04,0.3050000071525574,31.979999542236328,0.32499998807907104,34.650001525878906,0.29499998688697815,31.469999313354492,0.32499998807907104,31.899999618530273,0,0
2022-03-07,0.3050000071525574,36.45000076293945,0.3199999928474426,36.54999923706055,0.29499998688697815,32.59000015258789,0.3149999976158142,35.880001068115234,0,0
2022-03-08,0.36000001430511475,35.130001068115234,0.3630000054836273,37.52000045776367,0.3499999940395355,32.779998779296875,0.3630000054836273,36.189998626708984,0,0
2022-03-09,0.3700000047683716,32.45000076293945,0.3700000047683716,34.119998931884766,0.3479999899864197,31.389999389648438,0.36000001430511475,33.7400016784668,0,0
2022-03-10,0.36000001430511475,30.229999542236328,0.375,34.029998779296875,0.3479999899864197,30.229999542236328,0.3700000047683716,33.029998779296875,0,0
2022-03-11,0.36500000953674316,30.75,0.36500000953674316,31.040000915527344,0.3499999940395355,28.84000015258789,0.36500000953674316,30.43000030517578,0,0
2022-03-14,0.3779999911785126,31.770000457763672,0.3880000114440918,33.18000030517578,0.3630000054836273,30.059999465942383,0.37299999594688416,31.030000686645508,0,0
2022-03-15,0.4480000138282776,29.829999923706055,0.44999998807907104,33.83000183105469,0.4449999928474426,29.56999969482422,0.44999998807907104,33.130001068115234,0,0
2022-03-16,0.43299999833106995,26.670000076293945,0.4650000035762787,29.799999237060547,0.4300000071525574,26.290000915527344,0.46000000834465027,29.020000457763672,0,0
2022-03-17,0.36000001430511475,25.670000076293945,0.37299999594688416,27.469999313354492,0.3529999852180481,25.25,0.3700000047683716,26.510000228881836,0,0
2022-03-18,0.382999986410141,23.8700008392334,0.38499999046325684,26.81999969482422,0.3529999852180481,23.850000381469727,0.3580000102519989,26.360000610351562,0,0
2022-03-21,0.45500001311302185,23.530000686645508,0.46799999475479126,25.360000610351562,0.3799999952316284,22.989999771118164,0.3799999952316284,25.139999389648438,0,0
2022-03-22,0.5199999809265137,22.940000534057617,0.5450000166893005,24.020000457763672,0.5149999856948853,22.700000762939453,0.5429999828338623,24.020000457763672,0,0
2022-03-23,0.47999998927116394,23.56999969482422,0.5099999904632568,24.030000686645508,0.4779999852180481,22.639999389648438,0.5099999904632568,23.040000915527344,0,0
2022-03-24,0.4830000102519989,21.670000076293945,0.4880000054836273,23.790000915527344,0.45500001311302185,21.489999771118164,0.45500001311302185,23.610000610351562,0,0
2022-03-25,0.5199999809265137,20.809999465942383,0.5329999923706055,22.860000610351562,0.48500001430511475,20.799999237060547,0.4880000054836273,21.8700008392334,0,0
2022-03-28,0.5080000162124634,19.6299991607666,0.5249999761581421,23.329999923706055,0.503000020980835,19.540000915527344,0.5230000019073486,22.139999389648438,0,0
2022-03-29,0.5550000071525574,18.899999618530273,0.5979999899864197,19.729999542236328,0.5529999732971191,18.670000076293945,0.5950000286102295,19.700000762939453,0,0
2022-03-30,0.5249999761581421,19.329999923706055,0.5630000233650208,20.510000228881836,0.5,18.719999313354492,0.550000011920929,19.3799991607666,0,0
2022-03-31,0.49300000071525574,20.559999465942383,0.5180000066757202,21.479999542236328,0.4880000054836273,19.540000915527344,0.5080000162124634,19.68000030517578,0,0
2022-04-01,0.5,19.6299991607666,0.5049999952316284,20.860000610351562,0.49799999594688416,19.40999984741211,0.49799999594688416,20.6200008392334,0,0
2022-04-04,0.5379999876022339,18.56999969482422,0.5400000214576721,20.780000686645508,0.5,18.450000762939453,0.5,20.75,0,0
2022-04-05,0.6679999828338623,21.030000686645508,0.675000011920929,21.56999969482422,0.6629999876022339,18.549999237060547,0.6629999876022339,18.790000915527344,0,0
2022-04-06,0.6629999876022339,22.100000381469727,0.6700000166893005,24.780000686645508,0.6000000238418579,21.239999771118164,0.6650000214576721,21.270000457763672,0,0
2022-04-07,0.6600000262260437,21.549999237060547,0.6650000214576721,23.81999969482422,0.6480000019073486,21.1200008392334,0.6549999713897705,21.969999313354492,0,0
2022-04-08,0.6679999828338623,21.15999984741211,0.6729999780654907,22.34000015258789,0.6600000262260437,20.280000686645508,0.6650000214576721,21.25,0,0
2022-04-11,0.6800000071525574,24.3700008392334,0.6930000185966492,24.420000076293945,0.6729999780654907,22.09000015258789,0.675000011920929,23.09000015258789,0,0
2022-04-12,0.7379999756813049,24.260000228881836,0.7680000066757202,25.3799991607666,0.7099999785423279,22.270000457763672,0.7649999856948853,24.940000534057617,0,0
2022-04-13,0.7400000095367432,21.81999969482422,0.7400000095367432,24.450000762939453,0.699999988079071,21.3700008392334,0.7350000143051147,23.520000457763672,0,0
2022-04-14,0.7480000257492065,22.700000762939453,0.7630000114440918,22.700000762939453,0.7300000190734863,20.850000381469727,0.7480000257492065,21.719999313354492,0,0
2022-04-18,0.7549999952316284,22.170000076293945,0.7580000162124634,24.600000381469727,0.7300000190734863,21.979999542236328,0.75,24.520000457763672,0,0
2022-04-19,0.8330000042915344,21.3700008392334,0.8450000286102295,22.920000076293945,0.8230000138282776,20.360000610351562,0.8399999737739563,22.549999237060547,0,0
2022-04-20,0.7950000166893005,20.31999969482422,0.8450000286102295,21.31999969482422,0.7900000214576721,19.75,0.8299999833106995,21.1299991607666,0,0
2022-04-21,0.800000011920929,22.68000030517578,0.8080000281333923,23.280000686645508,0.7749999761581421,19.809999465942383,0.7799999713897705,20.239999771118164,0,0
2022-04-22,0.7799999713897705,28.209999084472656,0.8130000233650208,28.270000457763672,0.7749999761581421,22.6200008392334,0.8050000071525574,22.709999084472656,0,0
2022-04-25,0.7979999780654907,27.020000457763672,0.800000011920929,31.600000381469727,0.7799999713897705,26.799999237060547,0.7950000166893005,30.040000915527344,0,0
2022-04-26,0.8330000042915344,33.52000045776367,0.8700000047683716,33.810001373291016,0.8230000138282776,27.059999465942383,0.8650000095367432,27.3799991607666,0,0
2022-04-27,0.8080000281333923,31.600000381469727,0.8199999928474426,32.77000045776367,0.800000011920929,29.81999969482422,0.8080000281333923,31.110000610351562,0,0
2022-04-28,0.7850000262260437,29.989999771118164,0.8149999976158142,32.0,0.7699999809265137,28.0,0.8130000233650208,29.90999984741211,0,0
2022-04-29,0.8080000281333923,33.400001525878906,0.8230000138282776,34.34000015258789,0.7979999780654907,28.540000915527344,0.800000011920929,28.969999313354492,0,0
2022-05-02,0.7649999856948853,32.34000015258789,0.8050000071525574,36.63999938964844,0.7599999904632568,31.739999771118164,0.7950000166893005,33.349998474121094,0,0
2022-05-03,0.8949999809265137,29.25,0.9049999713897705,32.81999969482422,0.800000011920929,29.059999465942383,0.8930000066757202,31.760000228881836,0,0
2022-05-04,0.8330000042915344,25.420000076293945,0.9300000071525574,29.420000076293945,0.800000011920929,24.940000534057617,0.9049999713897705,29.1200008392334,0,0
2022-05-05,0.8029999732971191,31.200000762939453,0.8450000286102295,33.20000076293945,0.8029999732971191,25.780000686645508,0.8029999732971191,25.969999313354492,0,0
2022-05-06,0.8149999976158142,30.190000534057617,0.8149999976158142,35.34000015258789,0.7749999761581421,29.829999923706055,0.7799999713897705,32.22999954223633,0,0
2022-05-09,0.800000011920929,34.75,0.8149999976158142,35.47999954223633,0.7730000019073486,31.899999618530273,0.8080000281333923,31.899999618530273,0,0
2022-05-10,0.878000020980835,32.9900016784668,0.8849999904632568,34.84000015258789,0.8730000257492065,32.2400016784668,0.8799999952316284,33.65999984741211,0,0
2022-05-11,0.8830000162124634,32.560001373291016,0.8999999761581421,34.38999938964844,0.8650000095367432,30.690000534057617,0.8849999904632568,32.869998931884766,0,0
2022-05-12,0.9049999713897705,31.770000457763672,0.9179999828338623,34.7599983215332,0.8650000095367432,31.700000762939453,0.8830000162124634,33.7400016784668,0,0
2022-05-13,0.9430000185966492,28.8700008392334,0.9629999995231628,31.200000762939453,0.9129999876022339,28.780000686645508,0.9129999876022339,31.09000015258789,0,0
2022-05-16,0.9800000190734863,27.469999313354492,0.9850000143051147,30.229999542236328,0.9430000185966492,27.360000610351562,0.9430000185966492,30.010000228881836,0,0
2022-05-17,1.0379999876022339,26.100000381469727,1.0429999828338623,27.170000076293945,1.0149999856948853,25.510000228881836,1.024999976158142,27.06999969482422,0,0
2022-05-18,1.003000020980835,30.959999084472656,1.0399999618530273,31.489999771118164,0.9980000257492065,26.209999084472656,1.0379999876022339,26.739999771118164,0,0
2022-05-19,1.0,29.350000381469727,1.003000020980835,33.11000061035156,0.9800000190734863,29.059999465942383,0.9950000047683716,31.239999771118164,0,0
2022-05-20,0.9779999852180481,29.43000030517578,1.0049999952316284,32.90999984741211,0.9750000238418579,28.059999465942383,0.9980000257492065,28.780000686645508,0,0
2022-05-23,0.9929999709129333,28.479999542236328,0.9980000257492065,30.389999389648438,0.9779999852180481,28.290000915527344,0.9850000143051147,28.979999542236328,0,0
2022-05-24,1.0429999828338623,29.450000762939453,1.0429999828338623,31.06999969482422,1.0329999923706055,29.040000915527344,1.0379999876022339,29.43000030517578,0,0
2022-05-25,1.0449999570846558,28.3700008392334,1.0479999780654907,30.229999542236328,1.0180000066757202,28.15999984741211,1.0329999923706055,29.329999923706055,0,0
2022-05-26,1.027999997138977,27.5,1.0429999828338623,28.459999084472656,1.0080000162124634,27.110000610351562,1.0230000019073486,28.420000076293945,0,0
2022-05-27,1.024999976158142,25.719999313354492,1.0399999618530273,27.540000915527344,1.0099999904632568,25.56999969482422,1.0329999923706055,27.5,0,0
2022-05-31,1.0299999713897705,26.190000534057617,1.0449999570846558,28.350000381469727,1.0130000114440918,25.940000534057617,1.0379999876022339,27.469999313354492,0,0
2022-06-01,1.1030000448226929,25.690000534057617,1.1100000143051147,27.729999542236328,1.0980000495910645,25.3799991607666,1.1100000143051147,26.049999237060547,0,0
2022-06-02,1.1130000352859497,24.719999313354492,1.1150000095367432,26.5,1.0829999446868896,24.329999923706055,1.0829999446868896,25.729999542236328,0,0
2022-06-03,1.1349999904632568,24.790000915527344,1.1399999856948853,25.959999084472656,1.0980000495910645,24.760000228881836,1.0980000495910645,24.90999984741211,0,0
2022-06-06,1.159999966621399,25.06999969482422,1.1729999780654907,25.809999465942383,1.128000020980835,24.81999969482422,1.128000020980835,25.3700008392334,0,0
2022-06-07,1.225000023841858,24.020000457763672,1.2280000448226929,26.239999771118164,1.2230000495910645,23.8799991607666,1.225000023841858,25.540000915527344,0,0
2022-06-08,1.2330000400543213,23.959999084472656,1.2450000047683716,24.780000686645508,1.215000033378601,23.739999771118164,1.2300000190734863,24.3700008392334,0,0
2022-06-09,1.2380000352859497,26.09000015258789,1.2430000305175781,26.239999771118164,1.218000054359436,23.81999969482422,1.2400000095367432,24.290000915527344,0,0
2022-06-10,1.2879999876022339,27.75,1.2879999876022339,29.6299991607666,1.225000023841858,26.049999237060547,1.2430000305175781,26.260000228881836,0,0
2022-06-13,1.4980000257492065,34.02000045776367,1.5,35.04999923706055,1.3350000381469727,31.290000915527344,1.3350000381469727,31.3700008392334,0,0
2022-06-14,1.7430000305175781,32.689998626708984,1.7430000305175781,34.0,1.7000000476837158,32.060001373291016,1.7050000429153442,33.0099983215332,0,0
2022-06-15,1.6950000524520874,29.6200008392334,1.7649999856948853,32.77000045776367,1.659999966621399,27.760000228881836,1.7430000305175781,32.38999938964844,0,0
2022-06-16,1.4830000400543213,32.95000076293945,1.6030000448226929,34.81999969482422,1.4630000591278076,30.350000381469727,1.5829999446868896,30.350000381469727,0,0
2022-06-17,1.5099999904632568,31.1299991607666,1.5180000066757202,33.310001373291016,1.4500000476837158,30.469999313354492,1.4630000591278076,32.84000015258789,0,0
2022-06-21,1.4880000352859497,30.190000534057617,1.5429999828338623,30.649999618530273,1.4550000429153442,29.329999923706055,1.5429999828338623,30.6299991607666,0,0
2022-06-22,1.5449999570846558,28.950000762939453,1.600000023841858,31.56999969482422,1.5130000114440918,28.780000686645508,1.5850000381469727,31.450000762939453,0,0
2022-06-23,1.559999942779541,29.049999237060547,1.5679999589920044,29.770000457763672,1.475000023841858,28.739999771118164,1.5,29.290000915527344,0,0
2022-06-24,1.5980000495910645,27.229999542236328,1.6100000143051147,29.719999313354492,1.5399999618530273,26.829999923706055,1.5679999589920044,29.06999969482422,0,0
2022-06-27,1.6330000162124634,26.950000762939453,1.6330000162124634,28.65999984741211,1.590000033378601,26.93000030517578,1.6030000448226929,28.299999237060547,0,0
2022-06-28,1.7380000352859497,28.360000610351562,1.7430000305175781,28.68000030517578,1.7350000143051147,26.469999313354492,1.7380000352859497,26.899999618530273,0,0
2022-06-29,1.7050000429153442,28.15999984741211,1.7480000257492065,29.360000610351562,1.6950000524520874,27.850000381469727,1.7300000190734863,28.799999237060547,0,0
2022-06-30,1.600000023841858,28.709999084472656,1.6729999780654907,30.219999313354492,1.590000033378601,28.280000686645508,1.659999966621399,29.420000076293945,0,0
2022-07-01,1.6030000448226929,26.700000762939453,1.628000020980835,29.59000015258789,1.5729999542236328,26.690000534057617,1.6100000143051147,29.530000686645508,0,0
2022-07-05,1.6299999952316284,27.540000915527344,1.652999997138977,29.81999969482422,1.6030000448226929,27.299999237060547,1.6130000352859497,27.3700008392334,0,0
2022-07-06,1.840000033378601,26.729999542236328,1.8580000400543213,28.06999969482422,1.7999999523162842,26.43000030517578,1.8380000591278076,27.84000015258789,0,0
2022-07-07,1.8530000448226929,26.079999923706055,1.8630000352859497,26.790000915527344,1.8049999475479126,25.65999984741211,1.812999963760376,26.729999542236328,0,0
2022-07-08,1.843000054359436,24.639999389648438,1.8680000305175781,26.610000610351562,1.8250000476837158,24.43000030517578,1.8329999446868896,26.40999984741211,0,0
2022-07-11,1.9529999494552612,26.170000076293945,1.965000033378601,26.739999771118164,1.843000054359436,25.790000915527344,1.8530000448226929,26.420000076293945,0,0
2022-07-12,2.11299991607666,27.290000915527344,2.128000020980835,27.75,2.0850000381469727,25.81999969482422,2.1080000400543213,27.139999389648438,0,0
2022-07-13,2.322999954223633,26.81999969482422,2.322999954223633,29.059999465942383,2.0950000286102295,26.229999542236328,2.118000030517578,27.350000381469727,0,0
2022-07-14,2.2730000019073486,26.399999618530273,2.36299991607666,28.450000762939453,2.255000114440918,26.200000762939453,2.309999942779541,27.469999313354492,0,0
2022-07-15,2.240000009536743,24.229999542236328,2.2880001068115234,26.719999313354492,2.2149999141693115,24.1299991607666,2.240000009536743,26.719999313354492,0,0
2022-07-18,2.259999990463257,25.299999237060547,2.302999973297119,25.90999984741211,2.247999906539917,24.3799991607666,2.253000020980835,24.829999923706055,0,0
2022-07-19,2.450000047683716,24.5,2.450000047683716,25.40999984741211,2.3980000019073486,24.229999542236328,2.430000066757202,25.1200008392334,0,0
2022-07-20,2.378000020980835,23.8799991607666,2.4049999713897705,24.729999542236328,2.378000020980835,23.399999618530273,2.3980000019073486,24.229999542236328,0,0
2022-07-21,2.359999895095825,23.110000610351562,2.4149999618530273,24.670000076293945,2.3329999446868896,22.920000076293945,2.4130001068115234,24.06999969482422,0,0
2022-07-22,2.3550000190734863,23.030000686645508,2.375,23.809999465942383,2.302999973297119,22.40999984741211,2.3550000190734863,23.299999237060547,0,0
2022-07-25,2.3929998874664307,23.360000610351562,2.427999973297119,24.56999969482422,2.365000009536743,23.190000534057617,2.390000104904175,24.329999923706055,0,0
2022-07-26,2.4749999046325684,24.690000534057617,2.484999895095825,25.309999465942383,2.125,23.81999969482422,2.4800000190734863,23.950000762939453,0,0
2022-07-27,2.382999897003174,23.239999771118164,2.4630000591278076,24.40999984741211,2.318000078201294,23.020000457763672,2.4600000381469727,24.270000457763672,0,0
2022-07-28,2.308000087738037,22.329999923706055,2.3480000495910645,23.540000915527344,2.257999897003174,22.219999313354492,2.3480000495910645,23.329999923706055,0,0
2022-07-29,2.2980000972747803,21.329999923706055,2.318000078201294,22.15999984741211,2.2730000019073486,21.209999084472656,2.2899999618530273,22.1299991607666,0,0
2022-08-01,2.265000104904175,22.84000015258789,2.312999963760376,23.270000457763672,2.263000011444092,22.260000228881836,2.2899999618530273,22.40999984741211,0,0
2022-08-02,2.4630000591278076,23.93000030517578,2.4649999141693115,24.68000030517578,2.4179999828338623,22.670000076293945,2.437999963760376,24.079999923706055,0,0
2022-08-03,2.427999973297119,21.950000762939453,2.4700000286102295,23.920000076293945,2.3980000019073486,21.68000030517578,2.443000078201294,23.860000610351562,0,0
2022-08-04,2.378000020980835,21.440000534057617,2.388000011444092,22.65999984741211,2.3480000495910645,21.440000534057617,2.372999906539917,22.059999465942383,0,0
2022-08-05,2.4100000858306885,21.149999618530273,2.424999952316284,22.579999923706055,2.328000068664551,20.760000228881836,2.372999906539917,21.5,0,0
2022-08-08,2.4600000381469727,21.290000915527344,2.4700000286102295,22.010000228881836,2.424999952316284,20.829999923706055,2.433000087738037,21.739999771118164,0,0
2022-08-09,2.569999933242798,21.770000457763672,2.578000068664551,22.229999542236328,2.5350000858306885,21.40999984741211,2.575000047683716,21.40999984741211,0,0
2022-08-10,2.5350000858306885,19.739999771118164,2.578000068664551,22.34000015258789,2.48799991607666,19.540000915527344,2.572999954223633,22.280000686645508,0,0
2022-08-11,2.490000009536743,20.200000762939453,2.497999906539917,20.850000381469727,2.443000078201294,19.709999084472656,2.497999906539917,19.84000015258789,0,0
2022-08-12,2.5,19.530000686645508,2.503000020980835,20.350000381469727,2.4549999237060547,19.1200008392334,2.4830000400543213,20.34000015258789,0,0
2022-08-15,2.513000011444092,19.950000762939453,2.513000011444092,21.15999984741211,2.444999933242798,19.809999465942383,2.48799991607666,20.739999771118164,0,0
2022-08-16,2.5980000495910645,19.690000534057617,2.609999895095825,20.389999389648438,2.5980000495910645,19.5,2.6029999256134033,20.229999542236328,0,0
2022-08-17,2.568000078201294,19.899999618530273,2.628000020980835,20.6299991607666,2.5,19.40999984741211,2.5,19.739999771118164,0,0
2022-08-18,2.565000057220459,19.559999465942383,2.568000078201294,20.610000610351562,2.5380001068115234,19.43000030517578,2.5480000972747803,20.510000228881836,0,0
2022-08-19,2.5799999237060547,20.600000381469727,2.5799999237060547,21.270000457763672,2.558000087738037,20.079999923706055,2.572999954223633,20.15999984741211,0,0
2022-08-22,2.6480000019073486,23.799999237060547,2.674999952316284,24.6200008392334,2.5850000381469727,22.389999389648438,2.5850000381469727,22.40999984741211,0,0
2022-08-23,2.703000068664551,24.110000610351562,2.7200000286102295,24.209999084472656,2.6549999713897705,23.06999969482422,2.7179999351501465,24.1299991607666,0,0
2022-08-24,2.7130000591278076,22.81999969482422,2.7149999141693115,24.860000610351562,2.6649999618530273,22.729999542236328,2.697999954223633,24.3700008392334,0,0
2022-08-25,2.7300000190734863,21.780000686645508,2.7300000190734863,23.1299991607666,2.700000047683716,21.770000457763672,2.7049999237060547,22.40999984741211,0,0
2022-08-26,2.755000114440918,25.559999465942383,2.755000114440918,25.899999618530273,2.697999954223633,21.670000076293945,2.73799991607666,22.06999969482422,0,0
2022-08-29,2.7980000972747803,26.209999084472656,2.812999963760376,27.670000076293945,2.75,25.469999313354492,2.75,26.860000610351562,0,0
2022-08-30,2.872999906539917,26.209999084472656,2.9030001163482666,27.690000534057617,2.8529999256134033,25.1299991607666,2.865000009536743,25.75,0,0
2022-08-31,2.859999895095825,25.8700008392334,2.869999885559082,26.6200008392334,2.8399999141693115,25.309999465942383,2.86299991607666,25.860000610351562,0,0
2022-09-01,2.86299991607666,25.559999465942383,2.869999885559082,27.450000762939453,2.8480000495910645,25.25,2.859999895095825,26.8799991607666,0,0
2022-09-02,2.819999933242798,25.469999313354492,2.8480000495910645,26.280000686645508,2.799999952316284,23.190000534057617,2.8350000381469727,25.510000228881836,0,0
2022-09-06,2.8450000286102295,26.90999984741211,2.86299991607666,27.799999237060547,2.818000078201294,25.329999923706055,2.822999954223633,25.459999084472656,0,0
2022-09-07,2.933000087738037,24.639999389648438,2.9679999351501465,27.149999618530273,2.9079999923706055,24.540000915527344,2.9679999351501465,26.93000030517578,0,0
2022-09-08,2.950000047683716,23.610000610351562,2.9649999141693115,25.899999618530273,2.933000087738037,23.559999465942383,2.947999954223633,24.700000762939453,0,0
2022-09-09,2.9679999351501465,22.790000915527344,2.9730000495910645,23.56999969482422,2.934999942779541,22.639999389648438,2.9549999237060547,23.489999771118164,0,0
2022-09-12,2.994999885559082,23.8700008392334,3.0,24.229999542236328,2.943000078201294,23.15999984741211,2.943000078201294,23.579999923706055,0,0
2022-09-13,3.1530001163482666,27.270000457763672,3.2130000591278076,28.149999618530273,3.0250000953674316,23.530000686645508,3.072999954223633,23.670000076293945,0,0
2022-09-14,3.128000020980835,26.15999984741211,3.187999963760376,27.559999465942383,3.0,26.15999984741211,3.1679999828338623,26.729999542236328,0,0
2022-09-15,3.0950000286102295,26.270000457763672,3.1429998874664307,26.93000030517578,3.075000047683716,25.420000076293945,3.138000011444092,26.100000381469727,0,0
2022-09-16,3.069999933242798,26.299999237060547,3.0950000286102295,28.450000762939453,3.049999952316284,26.139999389648438,3.0950000286102295,27.469999313354492,0,0
2022-09-19,3.0350000858306885,25.760000228881836,3.0929999351501465,27.950000762939453,3.0179998874664307,25.559999465942383,3.069999933242798,27.690000534057617,0,0
2022-09-20,3.243000030517578,27.15999984741211,3.263000011444092,27.809999465942383,3.2100000381469727,25.610000610351562,3.259999990463257,25.649999618530273,0,0
2022-09-21,3.190000057220459,27.989999771118164,3.253000020980835,30.18000030517578,3.190000057220459,25.549999237060547,3.243000030517578,28.030000686645508,0,0
2022-09-22,3.130000114440918,27.350000381469727,3.184999942779541,28.3799991607666,3.130000114440918,26.709999084472656,3.184999942779541,28.15999984741211,0,0
2022-09-23,3.1080000400543213,29.920000076293945,3.1480000019073486,32.310001373291016,3.0799999237060547,27.579999923706055,3.1480000019073486,27.68000030517578,0,0
2022-09-26,3.1649999618530273,32.2599983215332,3.1679999828338623,32.880001068115234,3.0980000495910645,29.829999923706055,3.11299991607666,31.739999771118164,0,0
2022-09-27,3.25,32.599998474121094,3.265000104904175,34.13999938964844,3.2179999351501465,30.299999237060547,3.265000104904175,31.200000762939453,0,0
2022-09-28,3.2300000190734863,30.18000030517578,3.234999895095825,34.880001068115234,3.200000047683716,30.030000686645508,3.2149999141693115,34.5,0,0
2022-09-29,3.2179999351501465,31.84000015258789,3.243000030517578,33.459999084472656,3.184999942779541,31.15999984741211,3.2249999046325684,31.670000076293945,0,0
2022-09-30,3.180000066757202,31.6200008392334,3.234999895095825,33.25,3.1649999618530273,29.389999389648438,3.2049999237060547,31.610000610351562,0,0
2022-10-03,3.1500000953674316,30.100000381469727,3.190000057220459,33.060001373291016,3.140000104904175,29.6299991607666,3.1649999618530273,33.0,0,0
2022-10-04,3.315000057220459,29.06999969482422,3.319999933242798,29.6200008392334,3.259999990463257,28.559999465942383,3.305000066757202,29.520000457763672,0,0
2022-10-05,3.2929999828338623,28.549999237060547,3.315000057220459,30.110000610351562,3.2899999618530273,28.5,3.2899999618530273,29.360000610351562,0,0
2022-10-06,3.2880001068115234,30.520000457763672,3.2980000972747803,30.739999771118164,3.263000011444092,28.559999465942383,3.2850000858306885,28.600000381469727,0,0
2022-10-07,3.2929999828338623,31.360000610351562,3.2950000762939453,32.02000045776367,3.2330000400543213,29.8799991607666,3.2730000019073486,30.3700008392334,0,0
2022-10-10,3.2850000858306885,32.45000076293945,3.2850000858306885,33.9900016784668,3.2850000858306885,32.04999923706055,3.2850000858306885,32.93000030517578,0,0
2022-10-11,3.3399999141693115,33.630001068115234,3.3399999141693115,34.43000030517578,3.2829999923706055,32.45000076293945,3.2929999828338623,33.560001373291016,0,0
2022-10-12,3.5329999923706055,33.56999969482422,3.5399999618530273,34.529998779296875,3.4749999046325684,33.11000061035156,3.5250000953674316,33.540000915527344,0,0
2022-10-13,3.5829999446868896,31.940000534057617,3.6029999256134033,33.869998931884766,3.484999895095825,31.6299991607666,3.515000104904175,33.599998474121094,0,0
2022-10-14,3.628000020980835,32.02000045776367,3.640000104904175,32.97999954223633,3.5799999237060547,31.139999389648438,3.6029999256134033,31.889999389648438,0,0
2022-10-17,3.687999963760376,31.3700008392334,3.687999963760376,32.59000015258789,3.5950000286102295,30.700000762939453,3.5999999046325684,32.27000045776367,0,0
2022-10-18,3.8329999446868896,30.5,3.8350000381469727,31.93000030517578,3.755000114440918,30.420000076293945,3.815000057220459,31.100000381469727,0,0
2022-10-19,3.8929998874664307,30.760000228881836,3.9100000858306885,31.899999618530273,3.812999963760376,30.760000228881836,3.8350000381469727,30.940000534057617,0,0
2022-10-20,3.890000104904175,29.979999542236328,3.9030001163482666,31.31999969482422,3.8550000190734863,29.760000228881836,3.8949999809265137,31.299999237060547,0,0
2022-10-21,3.884999990463257,29.690000534057617,3.9000000953674316,30.440000534057617,3.8450000286102295,29.239999771118164,3.8980000019073486,30.209999084472656,0,0
2022-10-24,3.9130001068115234,29.850000381469727,3.9130001068115234,30.950000762939453,3.859999895095825,29.780000686645508,3.882999897003174,30.649999618530273,0,0
2022-10-25,3.9649999141693115,28.459999084472656,3.9749999046325684,30.0,3.940000057220459,28.219999313354492,3.9749999046325684,29.799999237060547,0,0
2022-10-26,3.930000066757202,27.280000686645508,3.9630000591278076,28.520000457763672,3.890000104904175,27.270000457763672,3.9630000591278076,28.440000534057617,0,0
2022-10-27,3.930000066757202,27.389999389648438,3.930000066757202,27.670000076293945,3.882999897003174,26.940000534057617,3.9130001068115234,27.510000228881836,0,0
2022-10-28,3.9700000286102295,25.75,3.9730000495910645,27.59000015258789,3.943000078201294,25.75,3.947999954223633,27.43000030517578,0,0
2022-10-31,3.9749999046325684,25.8799991607666,3.994999885559082,27.06999969482422,3.950000047683716,25.84000015258789,3.950000047683716,26.90999984741211,0,0
2022-11-01,4.050000190734863,25.809999465942383,4.054999828338623,26.350000381469727,4.019999980926514,25.65999984741211,4.0329999923706055,25.959999084472656,0,0
2022-11-02,4.025000095367432,25.860000610351562,4.058000087738037,26.6200008392334,3.947999954223633,25.389999389648438,4.0279998779296875,26.040000915527344,0,0
2022-11-03,4.025000095367432,25.299999237060547,4.0279998779296875,26.8700008392334,4.007999897003174,25.100000381469727,4.025000095367432,25.979999542236328,0,0
2022-11-04,4.013000011444092,24.549999237060547,4.0279998779296875,25.709999084472656,3.990000009536743,24.0,4.019999980926514,25.6299991607666,0,0
2022-11-07,3.9830000400543213,24.350000381469727,4.010000228881836,25.670000076293945,3.9679999351501465,24.34000015258789,4.010000228881836,25.670000076293945,0,0
2022-11-08,4.090000152587891,25.540000915527344,4.09499979019165,26.15999984741211,4.065000057220459,24.239999771118164,4.09499979019165,24.709999084472656,0,0
2022-11-09,4.0929999351501465,26.09000015258789,4.09499979019165,26.350000381469727,4.0,25.020000457763672,4.079999923706055,25.34000015258789,0,0
2022-11-10,4.054999828338623,23.530000686645508,4.09499979019165,26.59000015258789,3.947999954223633,22.84000015258789,4.09499979019165,26.510000228881836,0,0
2022-11-11,4.063000202178955,22.520000457763672,4.063000202178955,23.90999984741211,4.063000202178955,22.3700008392334,4.063000202178955,23.889999389648438,0,0
2022-11-14,4.067999839782715,23.729999542236328,4.090000152587891,24.329999923706055,4.050000190734863,22.860000610351562,4.078000068664551,23.989999771118164,0,0
2022-11-15,4.130000114440918,24.540000915527344,4.130000114440918,26.219999313354492,4.105000019073486,23.18000030517578,4.125,23.770000457763672,0,0
2022-11-16,4.125,24.110000610351562,4.130000114440918,24.719999313354492,4.050000190734863,23.989999771118164,4.119999885559082,24.290000915527344,0,0
2022-11-17,4.11299991607666,23.93000030517578,4.135000228881836,25.18000030517578,4.0879998207092285,23.809999465942383,4.127999782562256,24.049999237060547,0,0
2022-11-18,4.135000228881836,23.1200008392334,4.138000011444092,24.1200008392334,4.123000144958496,22.979999542236328,4.123000144958496,24.030000686645508,0,0
2022-11-21,4.0980000495910645,22.360000610351562,4.130000114440918,24.1200008392334,4.083000183105469,22.299999237060547,4.123000144958496,24.049999237060547,0,0
2022-11-22,4.197999954223633,21.290000915527344,4.203000068664551,22.709999084472656,4.190000057220459,21.280000686645508,4.199999809265137,22.59000015258789,0,0
2022-11-23,4.199999809265137,20.350000381469727,4.215000152587891,21.780000686645508,4.168000221252441,20.31999969482422,4.204999923706055,21.489999771118164,0,0
2022-11-25,4.175000190734863,20.5,4.188000202178955,21.110000610351562,4.144999980926514,20.459999084472656,4.175000190734863,20.610000610351562,0,0
2022-11-28,4.183000087738037,22.209999084472656,4.190000057220459,22.5,4.1479997634887695,21.649999618530273,4.175000190734863,22.09000015258789,0,0
2022-11-29,4.252999782562256,21.889999389648438,4.28000020980835,22.56999969482422,4.239999771118164,21.829999923706055,4.275000095367432,22.09000015258789,0,0
2022-11-30,4.252999782562256,20.579999923706055,4.269999980926514,22.6299991607666,4.199999809265137,20.309999465942383,4.252999782562256,21.700000762939453,0,0
2022-12-01,4.192999839782715,19.84000015258789,4.2230000495910645,21.059999465942383,4.168000221252441,19.799999237060547,4.2129998207092285,20.829999923706055,0,0
2022-12-02,4.208000183105469,19.059999465942383,4.210000038146973,20.959999084472656,4.14300012588501,18.950000762939453,4.170000076293945,20.420000076293945,0,0
2022-12-05,4.1579999923706055,20.75,4.195000171661377,21.290000915527344,4.15500020980835,19.780000686645508,4.177999973297119,20.299999237060547,0,0
2022-12-06,4.21999979019165,22.170000076293945,4.25,22.600000381469727,4.199999809265137,20.3799991607666,4.244999885559082,20.690000534057617,0,0
2022-12-07,4.183000087738037,22.68000030517578,4.215000152587891,23.010000228881836,4.15500020980835,22.18000030517578,4.208000183105469,22.31999969482422,0,0
2022-12-08,4.150000095367432,22.290000915527344,4.183000087738037,23.280000686645508,4.105000019073486,22.059999465942383,4.179999828338623,22.809999465942383,0,0
2022-12-09,4.172999858856201,22.829999923706055,4.175000190734863,23.209999084472656,4.119999885559082,22.18000030517578,4.14300012588501,22.549999237060547,0,0
2022-12-12,4.168000221252441,25.0,4.179999828338623,25.049999237060547,4.132999897003174,24.18000030517578,4.175000190734863,24.399999618530273,0,0
2022-12-13,4.248000144958496,22.549999237060547,4.289999961853027,25.84000015258789,4.2129998207092285,21.459999084472656,4.289999961853027,25.239999771118164,0,0
2022-12-14,4.21999979019165,21.139999389648438,4.239999771118164,23.469999313354492,4.197999954223633,21.06999969482422,4.230000019073486,22.829999923706055,0,0
2022-12-15,4.2129998207092285,22.829999923706055,4.2179999351501465,23.670000076293945,4.175000190734863,21.25,4.2179999351501465,21.520000457763672,0,0
2022-12-16,4.163000106811523,22.6200008392334,4.183000087738037,23.829999923706055,4.15500020980835,22.09000015258789,4.175000190734863,23.260000228881836,0,0
2022-12-19,4.163000106811523,22.420000076293945,4.184999942779541,22.860000610351562,4.1479997634887695,21.610000610351562,4.183000087738037,22.6299991607666,0,0
2022-12-20,4.230000019073486,21.479999542236328,4.255000114440918,23.389999389648438,4.2129998207092285,21.350000381469727,4.252999782562256,23.170000076293945,0,0
2022-12-21,4.204999923706055,20.06999969482422,4.2230000495910645,21.290000915527344,4.199999809265137,19.940000534057617,4.210000038146973,21.25,0,0
2022-12-22,4.208000183105469,21.969999313354492,4.2129998207092285,24.299999237060547,4.177999973297119,20.010000228881836,4.195000171661377,20.079999923706055,0,0
2022-12-23,4.192999839782715,20.8700008392334,4.208000183105469,22.639999389648438,4.183000087738037,20.780000686645508,4.195000171661377,22.170000076293945,0,0
2022-12-27,4.195000171661377,21.649999618530273,4.2230000495910645,22.799999237060547,4.1529998779296875,21.59000015258789,4.197999954223633,21.670000076293945,0,0
2022-12-28,4.3379998207092285,22.139999389648438,4.3429999351501465,22.260000228881836,4.328000068664551,20.959999084472656,4.3379998207092285,21.469999313354492,0,0
2022-12-29,4.295000076293945,21.440000534057617,4.333000183105469,22.309999465942383,4.295000076293945,21.360000610351562,4.333000183105469,22.25,0,0
2022-12-30,4.260000228881836,21.670000076293945,4.300000190734863,22.399999618530273,4.2230000495910645,21.59000015258789,4.297999858856201,21.829999923706055,0,0
2023-01-03,4.255000114440918,22.899999618530273,4.260000228881836,23.760000228881836,4.224999904632568,22.729999542236328,4.260000228881836,23.09000015258789,0,0
2023-01-04,4.400000095367432,22.010000228881836,4.400000095367432,23.270000457763672,4.377999782562256,21.940000534057617,4.389999866485596,22.93000030517578,0,0
2023-01-05,4.498000144958496,22.459999084472656,4.5,22.920000076293945,4.400000095367432,21.969999313354492,4.4079999923706055,22.200000762939453,0,0
2023-01-06,4.493000030517578,21.1299991607666,4.519999980926514,22.899999618530273,4.454999923706055,21.0,4.510000228881836,22.690000534057617,0,0
2023-01-09,4.482999801635742,21.969999313354492,4.502999782562256,21.979999542236328,4.458000183105469,21.270000457763672,4.489999771118164,21.75,0,0
2023-01-10,4.565000057220459,20.579999923706055,4.579999923706055,22.459999084472656,4.525000095367432,20.579999923706055,4.552999973297119,22.219999313354492,0,0
2023-01-11,4.554999828338623,21.09000015258789,4.570000171661377,21.25,4.5,20.6200008392334,4.550000190734863,20.799999237060547,0,0
2023-01-12,4.474999904632568,18.829999923706055,4.543000221252441,21.799999237060547,4.447999954223633,18.829999923706055,4.543000221252441,21.559999465942383,0,0
2023-01-13,4.48799991607666,18.350000381469727,4.48799991607666,19.40999984741211,4.449999809265137,18.010000228881836,4.480000019073486,19.0,0,0
2023-01-17,4.493000030517578,19.360000610351562,4.507999897003174,20.219999313354492,4.4679999351501465,19.209999084472656,4.489999771118164,19.889999389648438,0,0
2023-01-18,4.53000020980835,20.34000015258789,4.550000190734863,20.579999923706055,4.400000095367432,18.709999084472656,4.543000221252441,19.280000686645508,0,0
2023-01-19,4.525000095367432,20.520000457763672,4.552999973297119,21.709999084472656,4.465000152587891,20.170000076293945,4.534999847412109,20.43000030517578,0,0
2023-01-20,4.538000106811523,19.850000381469727,4.539999961853027,20.700000762939453,4.519999980926514,19.40999984741211,4.525000095367432,20.280000686645508,0,0
2023-01-23,4.534999847412109,19.809999465942383,4.543000221252441,20.329999923706055,4.525000095367432,19.549999237060547,4.5329999923706055,20.209999084472656,0,0
2023-01-24,4.572999954223633,19.200000762939453,4.578000068664551,20.469999313354492,4.567999839782715,18.90999984741211,4.574999809265137,19.889999389648438,0,0
2023-01-25,4.545000076293945,19.079999923706055,4.565000057220459,20.899999618530273,4.545000076293945,18.989999771118164,4.563000202178955,19.559999465942383,0,0
2023-01-26,4.543000221252441,18.729999542236328,4.550000190734863,19.479999542236328,4.5329999923706055,18.670000076293945,4.539999961853027,19.049999237060547,0,0
2023-01-27,4.547999858856201,18.510000228881836,4.547999858856201,19.0,4.519999980926514,17.969999313354492,4.538000106811523,18.899999618530273,0,0
2023-01-30,4.534999847412109,19.940000534057617,4.545000076293945,20.25,4.534999847412109,19.540000915527344,4.545000076293945,19.760000228881836,0,0
2023-01-31,4.570000171661377,19.399999618530273,4.579999923706055,20.700000762939453,4.565000057220459,19.1299991607666,4.579999923706055,20.1200008392334,0,0
2023-02-01,4.519999980926514,17.8700008392334,4.559999942779541,20.040000915527344,4.5,17.700000762939453,4.559999942779541,19.6200008392334,0,0
2023-02-02,4.510000228881836,18.729999542236328,4.5229997634887695,19.25,4.474999904632568,17.059999465942383,4.513000011444092,17.739999771118164,0,0
2023-02-03,4.5229997634887695,18.329999923706055,4.53000020980835,19.299999237060547,4.454999923706055,17.93000030517578,4.498000144958496,18.56999969482422,0,0
2023-02-06,4.5329999923706055,19.43000030517578,4.539999961853027,19.809999465942383,4.514999866485596,19.209999084472656,4.5329999923706055,19.229999542236328,0,0
2023-02-07,4.570000171661377,18.65999984741211,4.574999809265137,19.989999771118164,4.563000202178955,18.43000030517578,4.570000171661377,19.540000915527344,0,0
2023-02-08,4.585000038146973,19.6299991607666,4.5879998207092285,20.1200008392334,4.5,18.549999237060547,4.570000171661377,18.8799991607666,0,0
2023-02-09,4.61299991607666,20.709999084472656,4.61299991607666,21.079999923706055,4.572999954223633,19.020000457763672,4.578000068664551,19.239999771118164,0,0
2023-02-10,4.635000228881836,20.530000686645508,4.64300012588501,21.940000534057617,4.614999771118164,20.440000534057617,4.625,20.739999771118164,0,0
2023-02-13,4.644999980926514,20.34000015258789,4.6529998779296875,21.690000534057617,4.632999897003174,20.329999923706055,4.639999866485596,21.65999984741211,0,0
2023-02-14,4.659999847412109,18.90999984741211,4.670000076293945,20.75,4.644999980926514,18.479999542236328,4.663000106811523,20.719999313354492,0,0
2023-02-15,4.64300012588501,18.229999542236328,4.65500020980835,19.40999984741211,4.64300012588501,18.110000610351562,4.650000095367432,19.3700008392334,0,0
2023-02-16,4.664999961853027,20.170000076293945,4.670000076293945,20.270000457763672,4.639999866485596,18.229999542236328,4.644999980926514,18.260000228881836,0,0
2023-02-17,4.679999828338623,20.020000457763672,4.690000057220459,21.299999237060547,4.672999858856201,19.81999969482422,4.675000190734863,20.940000534057617,0,0
2023-02-21,4.688000202178955,22.8700008392334,4.695000171661377,23.34000015258789,4.679999828338623,21.799999237060547,4.679999828338623,21.799999237060547,0,0
2023-02-22,4.695000171661377,22.290000915527344,4.708000183105469,23.6299991607666,4.690000057220459,22.020000457763672,4.704999923706055,23.030000686645508,0,0
2023-02-23,4.690000057220459,21.139999389648438,4.697999954223633,22.43000030517578,4.679999828338623,20.889999389648438,4.690000057220459,21.959999084472656,0,0
2023-02-24,4.703000068664551,21.670000076293945,4.710000038146973,22.899999618530273,4.684999942779541,21.31999969482422,4.684999942779541,21.350000381469727,0,0
2023-02-27,4.664999961853027,20.950000762939453,4.699999809265137,22.020000457763672,4.6479997634887695,20.68000030517578,4.690000057220459,21.989999771118164,0,0
2023-02-28,4.710000038146973,20.700000762939453,4.730000019073486,21.3700008392334,4.710000038146973,20.100000381469727,4.71999979019165,21.299999237060547,0,0
2023-03-01,4.724999904632568,20.579999923706055,4.735000133514404,21.31999969482422,4.699999809265137,20.219999313354492,4.715000152587891,20.389999389648438,0,0
2023-03-02,4.7230000495910645,19.59000015258789,4.732999801635742,21.420000076293945,4.7129998207092285,19.549999237060547,4.71999979019165,21.40999984741211,0,0
2023-03-03,4.7179999351501465,18.489999771118164,4.728000164031982,19.760000228881836,4.704999923706055,18.15999984741211,4.708000183105469,19.760000228881836,0,0
2023-03-06,4.728000164031982,18.610000610351562,4.730000019073486,19.190000534057617,4.7129998207092285,18.489999771118164,4.7179999351501465,19.049999237060547,0,0
2023-03-07,4.84499979019165,19.59000015258789,4.84499979019165,19.739999771118164,4.752999782562256,18.510000228881836,4.752999782562256,18.639999389648438,0,0
2023-03-08,4.882999897003174,19.110000610351562,4.882999897003174,20.010000228881836,4.699999809265137,19.0,4.855000019073486,19.709999084472656,0,0
2023-03-09,4.8480000495910645,22.610000610351562,4.875,23.139999389648438,4.828000068664551,18.8799991607666,4.86299991607666,19.329999923706055,0,0
2023-03-10,4.802999973297119,24.799999237060547,4.829999923706055,28.969999313354492,4.728000164031982,21.790000915527344,4.817999839782715,23.34000015258789,0,0
2023-03-13,4.6579999923706055,26.520000457763672,4.7179999351501465,30.809999465942383,4.418000221252441,23.850000381469727,4.438000202178955,24.049999237060547,0,0
2023-03-14,4.679999828338623,23.729999542236328,4.784999847412109,27.239999771118164,4.632999897003174,22.270000457763672,4.743000030517578,26.850000381469727,0,0
2023-03-15,4.558000087738037,26.139999389648438,4.61299991607666,29.90999984741211,4.498000144958496,23.190000534057617,4.563000202178955,23.209999084472656,0,0
2023-03-16,4.53000020980835,22.989999771118164,4.59499979019165,27.489999771118164,4.454999923706055,22.969999313354492,4.570000171661377,26.190000534057617,0,0
2023-03-17,4.293000221252441,25.510000228881836,4.510000228881836,26.139999389648438,4.248000144958496,22.579999923706055,4.505000114440918,22.920000076293945,0,0
2023-03-20,4.465000152587891,24.149999618530273,4.46999979019165,28.90999984741211,4.257999897003174,24.0,4.257999897003174,27.770000457763672,0,0
2023-03-21,4.605000019073486,21.3799991607666,4.677999973297119,24.15999984741211,4.545000076293945,21.290000915527344,4.668000221252441,24.15999984741211,0,0
2023-03-22,4.563000202178955,22.260000228881836,4.614999771118164,22.3799991607666,4.5,19.940000534057617,4.610000133514404,21.799999237060547,0,0
2023-03-23,4.502999782562256,22.610000610351562,4.567999839782715,24.90999984741211,4.449999809265137,20.15999984741211,4.538000106811523,21.540000915527344,0,0
2023-03-24,4.502999782562256,21.739999771118164,4.51800012588501,25.209999084472656,4.389999866485596,21.600000381469727,4.400000095367432,22.110000610351562,0,0
2023-03-27,4.583000183105469,20.600000381469727,4.632999897003174,22.93000030517578,4.558000087738037,20.56999969482422,4.559999942779541,22.049999237060547,0,0
2023-03-28,4.627999782562256,19.969999313354492,4.6479997634887695,21.399999618530273,4.578000068664551,19.90999984741211,4.632999897003174,20.530000686645508,0,0
2023-03-29,4.630000114440918,19.1200008392334,4.632999897003174,19.450000762939453,4.400000095367432,19.09000015258789,4.61299991607666,19.389999389648438,0,0
2023-03-30,4.664999961853027,19.020000457763672,4.664999961853027,20.079999923706055,4.574999809265137,18.850000381469727,4.627999782562256,19.1200008392334,0,0
2023-03-31,4.585000038146973,18.700000762939453,4.644999980926514,19.43000030517578,4.579999923706055,18.520000457763672,4.635000228881836,19.209999084472656,0,0
2023-04-03,4.570000171661377,18.549999237060547,4.639999866485596,19.829999923706055,4.559999942779541,18.540000915527344,4.618000030517578,19.790000915527344,0,0
2023-04-04,4.728000164031982,19.0,4.760000228881836,20.030000686645508,4.724999904632568,18.579999923706055,4.757999897003174,18.790000915527344,0,0
2023-04-05,4.704999923706055,19.079999923706055,4.7129998207092285,20.079999923706055,4.599999904632568,19.0,4.704999923706055,19.420000076293945,0,0
2023-04-06,4.710000038146973,18.399999618530273,4.7179999351501465,19.8799991607666,4.668000221252441,18.350000381469727,4.675000190734863,19.299999237060547,0,0
2023-04-10,4.8379998207092285,18.969999313354492,4.869999885559082,20.049999237060547,4.7230000495910645,18.93000030517578,4.748000144958496,19.389999389648438,0,0
2023-04-11,4.880000114440918,19.100000381469727,4.909999847412109,19.280000686645508,4.860000133514404,18.559999465942383,4.9029998779296875,19.079999923706055,0,0
2023-04-12,4.860000133514404,19.09000015258789,4.89300012588501,19.979999542236328,4.650000095367432,18.25,4.877999782562256,19.3799991607666,0,0
2023-04-13,4.855000019073486,17.799999237060547,4.857999801635742,19.059999465942383,4.820000171661377,17.770000457763672,4.8379998207092285,18.829999923706055,0,0
2023-04-14,4.9029998779296875,17.06999969482422,4.9029998779296875,18.1200008392334,4.809999942779541,17.06999969482422,4.84499979019165,17.940000534057617,0,0
2023-04-17,4.922999858856201,16.950000762939453,4.993000030517578,17.790000915527344,4.889999866485596,16.899999618530273,4.89300012588501,17.579999923706055,0,0
2023-04-18,5.03000020980835,16.829999923706055,5.039999961853027,17.34000015258789,5.005000114440918,16.579999923706055,5.019999980926514,16.940000534057617,0,0
2023-04-19,4.994999885559082,16.459999084472656,5.038000106811523,17.719999313354492,4.985000133514404,16.170000076293945,5.034999847412109,17.299999237060547,0,0
2023-04-20,4.945000171661377,17.170000076293945,4.965000152587891,17.690000534057617,4.9029998779296875,16.329999923706055,4.960000038146973,16.850000381469727,0,0
2023-04-21,4.949999809265137,16.770000457763672,4.958000183105469,17.709999084472656,4.89300012588501,16.579999923706055,4.940000057220459,17.510000228881836,0,0
2023-04-24,4.873000144958496,16.889999389648438,4.985000133514404,18.239999771118164,4.8429999351501465,16.739999771118164,4.945000171661377,18.219999313354492,0,0
2023-04-25,4.953000068664551,18.760000228881836,5.005000114440918,19.860000610351562,4.929999828338623,17.329999923706055,4.989999771118164,17.6200008392334,0,0
2023-04-26,4.985000133514404,18.84000015258789,5.0,19.610000610351562,4.900000095367432,17.8700008392334,4.9679999351501465,18.65999984741211,0,0
2023-04-27,5.0,17.030000686645508,5.045000076293945,18.43000030517578,4.96999979019165,16.719999313354492,4.9730000495910645,18.43000030517578,0,0
2023-04-28,4.922999858856201,15.779999732971191,4.998000144958496,17.649999618530273,4.922999858856201,15.720000267028809,4.982999801635742,17.209999084472656,0,0
2023-05-01,4.864999771118164,16.079999923706055,4.949999809265137,16.6200008392334,4.860000133514404,15.529999732971191,4.927999973297119,16.40999984741211,0,0
2023-05-02,5.039999961853027,17.780000686645508,5.0879998207092285,19.809999465942383,5.014999866485596,16.260000228881836,5.067999839782715,16.270000457763672,0,0
2023-05-03,5.09499979019165,18.34000015258789,5.09499979019165,18.829999923706055,4.900000095367432,17.190000534057617,5.072999954223633,17.81999969482422,0,0
2023-05-04,5.054999828338623,20.09000015258789,5.139999866485596,21.329999923706055,5.007999897003174,18.670000076293945,5.047999858856201,19.170000076293945,0,0
2023-05-05,5.079999923706055,17.190000534057617,5.118000030517578,19.6299991607666,5.0279998779296875,16.690000534057617,5.054999828338623,19.5,0,0
2023-05-08,5.083000183105469,16.979999542236328,5.090000152587891,17.8799991607666,5.063000202178955,16.829999923706055,5.090000152587891,17.729999542236328,0,0
2023-05-09,5.123000144958496,17.709999084472656,5.130000114440918,17.860000610351562,5.039999961853027,17.219999313354492,5.105000019073486,17.290000915527344,0,0
2023-05-10,5.065000057220459,16.940000534057617,5.118000030517578,18.309999465942383,5.058000087738037,16.360000610351562,5.118000030517578,17.579999923706055,0,0
2023-05-11,5.014999866485596,16.93000030517578,5.058000087738037,18.190000534057617,4.998000144958496,16.6299991607666,5.058000087738037,16.799999237060547,0,0
2023-05-12,5.0279998779296875,17.030000686645508,5.0329999923706055,17.920000076293945,4.994999885559082,16.3799991607666,5.005000114440918,16.829999923706055,0,0
2023-05-15,5.0,17.1200008392334,5.038000106811523,18.15999984741211,4.989999771118164,17.079999923706055,5.034999847412109,17.440000534057617,0,0
2023-05-16,5.058000087738037,17.989999771118164,5.058000087738037,18.299999237060547,5.014999866485596,17.260000228881836,5.038000106811523,17.540000915527344,0,0
2023-05-17,5.0879998207092285,16.8700008392334,5.099999904632568,18.260000228881836,4.900000095367432,16.68000030517578,5.054999828338623,17.959999084472656,0,0
2023-05-18,5.125,16.049999237060547,5.125,17.149999618530273,5.043000221252441,16.049999237060547,5.078000068664551,16.920000076293945,0,0
2023-05-19,5.085000038146973,16.809999465942383,5.119999885559082,17.360000610351562,5.059999942779541,15.850000381469727,5.059999942779541,16.1299991607666,0,0
2023-05-22,5.09499979019165,17.209999084472656,5.119999885559082,18.1299991607666,5.063000202178955,16.81999969482422,5.0980000495910645,17.450000762939453,0,0
2023-05-23,5.1529998779296875,18.530000686645508,5.21999979019165,19.309999465942383,5.150000095367432,17.299999237060547,5.204999923706055,17.350000381469727,0,0
2023-05-24,5.184999942779541,20.030000686645508,5.197999954223633,20.809999465942383,5.0,18.799999237060547,5.150000095367432,18.799999237060547,0,0
2023-05-25,5.163000106811523,19.139999389648438,5.210000038146973,19.950000762939453,5.1579999923706055,18.700000762939453,5.183000087738037,19.540000915527344,0,0
2023-05-26,5.114999771118164,17.950000762939453,5.163000106811523,19.559999465942383,5.085000038146973,17.270000457763672,5.1479997634887695,19.06999969482422,0,0
2023-05-30,5.14300012588501,17.459999084472656,5.150000095367432,18.34000015258789,5.105000019073486,16.979999542236328,5.110000133514404,17.559999465942383,0,0
2023-05-31,5.248000144958496,17.940000534057617,5.275000095367432,18.399999618530273,5.0,17.1200008392334,5.23799991607666,18.040000915527344,0,0
2023-06-01,5.203000068664551,15.649999618530273,5.224999904632568,17.59000015258789,5.144999980926514,15.579999923706055,5.2230000495910645,17.239999771118164,0,0
2023-06-02,5.215000152587891,14.600000381469727,5.248000144958496,15.649999618530273,5.184999942779541,14.420000076293945,5.192999839782715,15.649999618530273,0,0
2023-06-05,5.14300012588501,14.729999542236328,5.203000068664551,15.289999961853027,5.138000011444092,14.65999984741211,5.199999809265137,15.279999732971191,0,0
2023-06-06,5.1579999923706055,13.960000038146973,5.192999839782715,14.970000267028809,5.118000030517578,13.949999809265137,5.159999847412109,14.90999984741211,0,0
2023-06-07,5.1529998779296875,13.9399995803833,5.164999961853027,14.289999961853027,5.099999904632568,13.770000457763672,5.144999980926514,14.140000343322754,0,0
2023-06-08,5.099999904632568,13.649999618530273,5.144999980926514,14.210000038146973,5.0929999351501465,13.529999732971191,5.14300012588501,14.140000343322754,0,0
2023-06-09,5.09499979019165,13.829999923706055,5.107999801635742,14.140000343322754,5.085000038146973,13.5,5.090000152587891,13.779999732971191,0,0
2023-06-12,5.09499979019165,15.010000228881836,5.105000019073486,15.020000457763672,5.083000183105469,14.319999694824219,5.0980000495910645,14.4399995803833,0,0
2023-06-13,5.099999904632568,14.609999656677246,5.130000114440918,15.0600004196167,5.039999961853027,14.470000267028809,5.130000114440918,14.989999771118164,0,0
2023-06-14,5.079999923706055,13.880000114440918,5.105000019073486,14.729999542236328,5.0,13.829999923706055,5.0929999351501465,14.479999542236328,0,0
2023-06-15,5.054999828338623,14.5,5.078000068664551,14.520000457763672,5.054999828338623,13.789999961853027,5.070000171661377,14.09000015258789,0,0
2023-06-16,5.065000057220459,13.539999961853027,5.070000171661377,14.539999961853027,5.045000076293945,13.479999542236328,5.059999942779541,14.489999771118164,0,0
2023-06-20,5.074999809265137,13.880000114440918,5.079999923706055,14.670000076293945,5.065000057220459,13.859999656677246,5.065000057220459,14.359999656677246,0,0
2023-06-21,5.135000228881836,13.199999809265137,5.139999866485596,13.890000343322754,5.0,13.100000381469727,5.130000114440918,13.880000114440918,0,0
2023-06-22,5.135000228881836,12.90999984741211,5.138000011444092,13.979999542236328,5.118000030517578,12.729999542236328,5.130000114440918,13.880000114440918,0,0
2023-06-23,5.138000011444092,13.4399995803833,5.139999866485596,13.800000190734863,5.118000030517578,12.880000114440918,5.118000030517578,13.239999771118164,0,0
2023-06-26,5.15500020980835,14.25,5.159999847412109,14.710000038146973,5.132999897003174,13.779999732971191,5.138000011444092,14.430000305175781,0,0
2023-06-27,5.179999828338623,13.739999771118164,5.184999942779541,14.34000015258789,5.175000190734863,13.59000015258789,5.179999828338623,14.109999656677246,0,0
2023-06-28,5.170000076293945,13.430000305175781,5.175000190734863,13.960000038146973,5.164999961853027,13.359999656677246,5.168000221252441,13.899999618530273,0,0
2023-06-29,5.175000190734863,13.539999961853027,5.184999942779541,13.850000381469727,5.163000106811523,13.40999984741211,5.163000106811523,13.640000343322754,0,0
2023-06-30,5.1529998779296875,13.59000015258789,5.168000221252441,13.59000015258789,5.139999866485596,12.960000038146973,5.168000221252441,13.510000228881836,0,0
2023-07-03,5.144999980926514,13.569999694824219,5.150000095367432,13.850000381469727,5.127999782562256,13.470000267028809,5.138000011444092,13.850000381469727,0,0
2023-07-05,5.192999839782715,14.180000305175781,5.203000068664551,14.739999771118164,5.172999858856201,14.050000190734863,5.203000068664551,14.1899995803833,0,0
2023-07-06,5.2129998207092285,15.4399995803833,5.21999979019165,17.079999923706055,5.199999809265137,14.789999961853027,5.208000183105469,14.850000381469727,0,0
2023-07-07,5.2129998207092285,14.829999923706055,5.2179999351501465,16.059999465942383,5.204999923706055,14.329999923706055,5.215000152587891,15.970000267028809,0,0
2023-07-10,5.224999904632568,15.069999694824219,5.228000164031982,16.209999084472656,5.184999942779541,15.039999961853027,5.208000183105469,16.079999923706055,0,0
2023-07-11,5.243000030517578,14.84000015258789,5.25,15.25,5.239999771118164,14.630000114440918,5.239999771118164,15.020000457763672,0,0
2023-07-12,5.230000019073486,13.539999961853027,5.239999771118164,14.819999694824219,5.099999904632568,13.510000228881836,5.239999771118164,14.819999694824219,0,0
2023-07-13,5.2230000495910645,13.609999656677246,5.230000019073486,13.609999656677246,5.204999923706055,13.119999885559082,5.2179999351501465,13.4399995803833,0,0
2023-07-14,5.215000152587891,13.34000015258789,5.232999801635742,13.760000228881836,5.208000183105469,13.220000267028809,5.2230000495910645,13.720000267028809,0,0
2023-07-17,5.232999801635742,13.479999542236328,5.23799991607666,14.0,5.2179999351501465,13.430000305175781,5.2230000495910645,13.779999732971191,0,0
2023-07-18,5.248000144958496,13.300000190734863,5.248000144958496,13.670000076293945,5.243000030517578,13.289999961853027,5.243000030517578,13.609999656677246,0,0
2023-07-19,5.244999885559082,13.760000228881836,5.25,13.84000015258789,5.099999904632568,13.119999885559082,5.244999885559082,13.319999694824219,0,0
2023-07-20,5.243000030517578,13.989999771118164,5.248000144958496,14.229999542236328,5.239999771118164,13.579999923706055,5.244999885559082,13.960000038146973,0,0
2023-07-21,5.248000144958496,13.600000381469727,5.248000144958496,13.890000343322754,5.239999771118164,13.369999885559082,5.243000030517578,13.869999885559082,0,0
2023-07-24,5.25,13.90999984741211,5.255000114440918,14.300000190734863,5.25,13.729999542236328,5.252999782562256,14.289999961853027,0,0
2023-07-25,5.264999866485596,13.859999656677246,5.26800012588501,14.09000015258789,5.260000228881836,13.819999694824219,5.264999866485596,14.020000457763672,0,0
2023-07-26,5.26800012588501,13.1899995803833,5.2779998779296875,14.15999984741211,5.099999904632568,13.149999618530273,5.269999980926514,13.859999656677246,0,0
2023-07-27,5.26800012588501,14.40999984741211,5.2729997634887695,15.020000457763672,5.244999885559082,12.739999771118164,5.264999866485596,13.140000343322754,0,0
2023-07-28,5.255000114440918,13.329999923706055,5.263000011444092,14.180000305175781,5.244999885559082,13.270000457763672,5.257999897003174,14.029999732971191,0,0
2023-07-31,5.248000144958496,13.630000114440918,5.257999897003174,14.09000015258789,5.244999885559082,13.569999694824219,5.255000114440918,13.979999542236328,0,0
2023-08-01,5.260000228881836,13.930000305175781,5.275000095367432,14.300000190734863,5.260000228881836,13.75,5.269999980926514,13.75,0,0
2023-08-02,5.260000228881836,16.09000015258789,5.264999866485596,16.479999542236328,5.260000228881836,14.949999809265137,5.263000011444092,15.699999809265137,0,0
2023-08-03,5.257999897003174,15.920000076293945,5.26800012588501,17.420000076293945,5.2179999351501465,15.720000267028809,5.252999782562256,16.770000457763672,0,0
2023-08-04,5.252999782562256,17.100000381469727,5.255000114440918,17.389999389648438,5.25,14.569999694824219,5.252999782562256,16.010000228881836,0,0
2023-08-07,5.260000228881836,15.770000457763672,5.260000228881836,17.360000610351562,5.244999885559082,15.770000457763672,5.244999885559082,16.899999618530273,0,0
2023-08-08,5.275000095367432,15.989999771118164,5.2829999923706055,18.139999389648438,5.269999980926514,15.960000038146973,5.2779998779296875,16.280000686645508,0,0
2023-08-09,5.28000020980835,15.960000038146973,5.284999847412109,16.8700008392334,5.099999904632568,15.380000114440918,5.284999847412109,15.8100004196167,0,0
2023-08-10,5.26800012588501,15.850000381469727,5.2729997634887695,16.860000610351562,5.244999885559082,14.600000381469727,5.2729997634887695,15.579999923706055,0,0
2023-08-11,5.264999866485596,14.84000015258789,5.2729997634887695,16.510000228881836,5.252999782562256,14.84000015258789,5.255000114440918,15.529999732971191,0,0
2023-08-14,5.269999980926514,14.819999694824219,5.2729997634887695,16.059999465942383,5.264999866485596,14.770000457763672,5.264999866485596,15.880000114440918,0,0
2023-08-15,5.28000020980835,16.459999084472656,5.284999847412109,16.56999969482422,5.269999980926514,14.90999984741211,5.28000020980835,14.949999809265137,0,0
2023-08-16,5.284999847412109,16.780000686645508,5.284999847412109,16.93000030517578,5.28000020980835,15.800000190734863,5.28000020980835,16.540000915527344,0,0
2023-08-17,5.2779998779296875,17.889999389648438,5.2829999923706055,18.1299991607666,5.264999866485596,16.399999618530273,5.2829999923706055,16.959999084472656,0,0
2023-08-18,5.2779998779296875,17.299999237060547,5.2779998779296875,18.8799991607666,5.264999866485596,17.139999389648438,5.269999980926514,17.799999237060547,0,0
2023-08-21,5.28000020980835,17.1299991607666,5.2829999923706055,18.110000610351562,5.275000095367432,16.8799991607666,5.2779998779296875,18.030000686645508,0,0
2023-08-22,5.295000076293945,16.969999313354492,5.300000190734863,17.579999923706055,5.293000221252441,16.610000610351562,5.293000221252441,16.959999084472656,0,0
2023-08-23,5.295000076293945,15.979999542236328,5.297999858856201,17.100000381469727,5.269999980926514,15.90999984741211,5.289999961853027,16.639999389648438,0,0
2023-08-24,5.302999973297119,17.200000762939453,5.302999973297119,17.31999969482422,5.289999961853027,15.479999542236328,5.295000076293945,15.569999694824219,0,0
2023-08-25,5.315000057220459,15.680000305175781,5.315000057220459,17.360000610351562,5.297999858856201,15.449999809265137,5.297999858856201,17.209999084472656,0,0
2023-08-28,5.322999954223633,15.079999923706055,5.324999809265137,16.280000686645508,5.317999839782715,15.0,5.320000171661377,16.239999771118164,0,0
2023-08-29,5.320000171661377,14.449999809265137,5.340000152587891,15.300000190734863,5.317999839782715,14.34000015258789,5.335000038146973,15.079999923706055,0,0
2023-08-30,5.315000057220459,13.880000114440918,5.317999839782715,14.699999809265137,5.309999942779541,13.829999923706055,5.317999839782715,14.529999732971191,0,0
2023-08-31,5.297999858856201,13.569999694824219,5.313000202178955,14.0,5.295000076293945,13.4399995803833,5.304999828338623,13.979999542236328,0,0
2023-09-01,5.26800012588501,13.09000015258789,5.288000106811523,13.5600004196167,5.21999979019165,13.020000457763672,5.288000106811523,13.5600004196167,0,0
2023-09-05,5.2779998779296875,14.010000228881836,5.284999847412109,14.470000267028809,5.248000144958496,13.699999809265137,5.2729997634887695,14.149999618530273,0,0
2023-09-06,5.300000190734863,14.449999809265137,5.309999942779541,15.300000190734863,5.199999809265137,14.130000114440918,5.308000087738037,14.270000457763672,0,0
2023-09-07,5.2829999923706055,14.399999618530273,5.293000221252441,15.6899995803833,5.2829999923706055,14.399999618530273,5.293000221252441,14.8100004196167,0,0
2023-09-08,5.293000221252441,13.84000015258789,5.293000221252441,14.869999885559082,5.275000095367432,13.579999923706055,5.2829999923706055,14.220000267028809,0,0
2023-09-11,5.293000221252441,13.800000190734863,5.300000190734863,14.329999923706055,5.288000106811523,13.739999771118164,5.288000106811523,14.170000076293945,0,0
2023-09-12,5.304999828338623,14.229999542236328,5.308000087738037,14.420000076293945,5.304999828338623,13.710000038146973,5.304999828338623,14.020000457763672,0,0
2023-09-13,5.304999828338623,13.479999542236328,5.315000057220459,14.680000305175781,5.26800012588501,13.40999984741211,5.313000202178955,14.420000076293945,0,0
2023-09-14,5.295000076293945,12.819999694824219,5.304999828338623,13.460000038146973,5.284999847412109,12.789999961853027,5.297999858856201,13.390000343322754,0,0
2023-09-15,5.297999858856201,13.789999961853027,5.302999973297119,14.170000076293945,5.293000221252441,12.680000305175781,5.297999858856201,12.699999809265137,0,0
2023-09-18,5.300000190734863,14.0,5.304999828338623,14.75,5.297999858856201,13.859999656677246,5.297999858856201,14.399999618530273,0,0
2023-09-19,5.309999942779541,14.109999656677246,5.313000202178955,14.880000114440918,5.304999828338623,13.859999656677246,5.304999828338623,14.109999656677246,0,0
2023-09-20,5.315000057220459,15.140000343322754,5.320000171661377,15.149999618530273,5.199999809265137,13.569999694824219,5.315000057220459,14.180000305175781,0,0
2023-09-21,5.304999828338623,17.540000915527344,5.309999942779541,17.540000915527344,5.295000076293945,15.100000381469727,5.304999828338623,15.489999771118164,0,0
2023-09-22,5.304999828338623,17.200000762939453,5.313000202178955,17.40999984741211,5.297999858856201,15.930000305175781,5.304999828338623,17.309999465942383,0,0
2023-09-25,5.313000202178955,16.899999618530273,5.315000057220459,18.40999984741211,5.302999973297119,16.790000915527344,5.313000202178955,17.25,0,0
2023-09-26,5.324999809265137,18.940000534057617,5.324999809265137,19.5,5.313000202178955,17.170000076293945,5.322999954223633,18.030000686645508,0,0
2023-09-27,5.329999923706055,18.219999313354492,5.333000183105469,19.709999084472656,5.309999942779541,18.030000686645508,5.324999809265137,18.290000915527344,0,0
2023-09-28,5.308000087738037,17.34000015258789,5.333000183105469,18.770000457763672,5.308000087738037,17.059999465942383,5.333000183105469,18.219999313354492,0,0
2023-09-29,5.300000190734863,17.520000457763672,5.304999828338623,17.739999771118164,5.288000106811523,15.829999923706055,5.295000076293945,16.8700008392334,0,0
2023-10-02,5.315000057220459,17.610000610351562,5.320000171661377,18.549999237060547,5.309999942779541,16.93000030517578,5.309999942779541,17.309999465942383,0,0
2023-10-03,5.340000152587891,19.780000686645508,5.340000152587891,20.479999542236328,5.333000183105469,17.520000457763672,5.335000038146973,17.809999465942383,0,0
2023-10-04,5.335000038146973,18.579999923706055,5.335000038146973,20.8799991607666,5.199999809265137,18.299999237060547,5.329999923706055,20.719999313354492,0,0
2023-10-05,5.324999809265137,18.489999771118164,5.333000183105469,19.579999923706055,5.322999954223633,18.260000228881836,5.328000068664551,18.670000076293945,0,0
2023-10-06,5.3480000495910645,17.450000762939453,5.3480000495910645,19.93000030517578,5.329999923706055,17.190000534057617,5.333000183105469,18.729999542236328,0,0
2023-10-09,5.3480000495910645,17.700000762939453,5.3480000495910645,19.600000381469727,5.3480000495910645,17.559999465942383,5.3480000495910645,19.540000915527344,0,0
2023-10-10,5.322999954223633,17.030000686645508,5.328000068664551,17.860000610351562,5.317999839782715,16.510000228881836,5.320000171661377,17.700000762939453,0,0
2023-10-11,5.335000038146973,16.09000015258789,5.3480000495910645,17.780000686645508,5.199999809265137,16.09000015258789,5.340000152587891,16.950000762939453,0,0
2023-10-12,5.335000038146973,16.690000534057617,5.340000152587891,18.079999923706055,5.324999809265137,15.4399995803833,5.328000068664551,16.079999923706055,0,0
2023-10-13,5.328000068664551,19.31999969482422,5.333000183105469,20.780000686645508,5.320000171661377,16.5,5.333000183105469,16.530000686645508,0,0
2023-10-16,5.328000068664551,17.209999084472656,5.333000183105469,19.56999969482422,5.324999809265137,17.139999389648438,5.329999923706055,19.100000381469727,0,0
2023-10-17,5.340000152587891,17.8799991607666,5.340000152587891,18.540000915527344,5.333000183105469,16.969999313354492,5.335000038146973,17.40999984741211,0,0
2023-10-18,5.329999923706055,19.219999313354492,5.340000152587891,20.149999618530273,5.324999809265137,17.8799991607666,5.3379998207092285,18.360000610351562,0,0
2023-10-19,5.309999942779541,21.399999618530273,5.328000068664551,21.399999618530273,5.304999828338623,18.549999237060547,5.328000068664551,19.729999542236328,0,0
2023-10-20,5.300000190734863,21.709999084472656,5.300000190734863,21.829999923706055,5.293000221252441,20.420000076293945,5.297999858856201,21.59000015258789,0,0
2023-10-23,5.293000221252441,20.3700008392334,5.302999973297119,23.079999923706055,5.289999961853027,19.479999542236328,5.297999858856201,21.829999923706055,0,0
2023-10-24,5.308000087738037,18.969999313354492,5.315000057220459,20.239999771118164,5.304999828338623,18.649999618530273,5.309999942779541,20.030000686645508,0,0
2023-10-25,5.315000057220459,20.190000534057617,5.315000057220459,21.239999771118164,5.199999809265137,18.860000610351562,5.308000087738037,19.389999389648438,0,0
2023-10-26,5.300000190734863,20.68000030517578,5.313000202178955,21.959999084472656,5.297999858856201,20.219999313354492,5.313000202178955,21.780000686645508,0,0
2023-10-27,5.304999828338623,21.270000457763672,5.308000087738037,22.06999969482422,5.300000190734863,19.719999313354492,5.300000190734863,20.389999389648438,0,0
2023-10-30,5.313000202178955,19.75,5.313000202178955,21.15999984741211,5.302999973297119,19.549999237060547,5.304999828338623,21.1299991607666,0,0
2023-10-31,5.320000171661377,18.139999389648438,5.322999954223633,19.860000610351562,5.317999839782715,17.969999313354492,5.317999839782715,19.860000610351562,0,0
2023-11-01,5.300000190734863,16.8700008392334,5.322999954223633,18.420000076293945,5.257999897003174,16.6299991607666,5.317999839782715,18.020000457763672,0,0
2023-11-02,5.269999980926514,15.65999984741211,5.289999961853027,16.6200008392334,5.263000011444092,15.579999923706055,5.289999961853027,16.59000015258789,0,0
2023-11-03,5.252999782562256,14.90999984741211,5.263000011444092,15.829999923706055,5.230000019073486,14.90999984741211,5.263000011444092,15.699999809265137,0,0
2023-11-06,5.260000228881836,14.890000343322754,5.264999866485596,15.579999923706055,5.257999897003174,14.84000015258789,5.257999897003174,15.390000343322754,0,0
2023-11-07,5.2729997634887695,14.8100004196167,5.2779998779296875,15.170000076293945,5.2729997634887695,14.710000038146973,5.275000095367432,15.100000381469727,0,0
2023-11-08,5.26800012588501,14.449999809265137,5.2779998779296875,15.09000015258789,5.26800012588501,14.300000190734863,5.275000095367432,14.90999984741211,0,0
2023-11-09,5.263000011444092,15.289999961853027,5.26800012588501,15.569999694824219,5.255000114440918,14.130000114440918,5.26800012588501,14.609999656677246,0,0
2023-11-10,5.25,14.170000076293945,5.257999897003174,15.449999809265137,5.244999885559082,14.15999984741211,5.257999897003174,15.09000015258789,0,0
2023-11-13,5.260000228881836,14.760000228881836,5.260000228881836,15.1899995803833,5.248000144958496,14.579999923706055,5.248000144958496,15.15999984741211,0,0
2023-11-14,5.252999782562256,14.15999984741211,5.28000020980835,14.859999656677246,5.248000144958496,13.90999984741211,5.28000020980835,14.829999923706055,0,0
2023-11-15,5.255000114440918,14.180000305175781,5.257999897003174,14.350000381469727,5.224999904632568,13.970000267028809,5.25,14.210000038146973,0,0
2023-11-16,5.243000030517578,14.319999694824219,5.248000144958496,14.420000076293945,5.230000019073486,13.680000305175781,5.248000144958496,14.119999885559082,0,0
2023-11-17,5.232999801635742,13.800000190734863,5.23799991607666,14.1899995803833,5.230000019073486,13.670000076293945,5.232999801635742,14.180000305175781,0,0
2023-11-20,5.23799991607666,13.40999984741211,5.239999771118164,14.3100004196167,5.232999801635742,13.390000343322754,5.232999801635742,14.260000228881836,0,0
2023-11-21,5.255000114440918,13.350000381469727,5.263000011444092,14.3100004196167,5.252999782562256,13.130000114440918,5.263000011444092,13.449999809265137,0,0
2023-11-22,5.264999866485596,12.850000381469727,5.269999980926514,13.25,5.099999904632568,12.819999694824219,5.260000228881836,13.079999923706055,0,0
2023-11-24,5.252999782562256,12.460000038146973,5.257999897003174,13.170000076293945,5.25,12.449999809265137,5.257999897003174,13.029999732971191,0,0
2023-11-27,5.257999897003174,12.6899995803833,5.263000011444092,13.279999732971191,5.257999897003174,12.640000343322754,5.257999897003174,13.140000343322754,0,0
2023-11-28,5.260000228881836,12.6899995803833,5.269999980926514,14.300000190734863,5.255000114440918,12.5600004196167,5.269999980926514,12.779999732971191,0,0
2023-11-29,5.239999771118164,12.979999542236328,5.252999782562256,13.100000381469727,5.23799991607666,12.479999542236328,5.252999782562256,12.710000038146973,0,0
2023-11-30,5.23799991607666,12.920000076293945,5.244999885559082,13.390000343322754,5.230000019073486,12.819999694824219,5.23799991607666,13.069999694824219,0,0
2023-12-01,5.215000152587891,12.630000114440918,5.232999801635742,12.960000038146973,5.204999923706055,12.479999542236328,5.230000019073486,12.9399995803833,0,0
2023-12-04,5.2230000495910645,13.079999923706055,5.228000164031982,13.699999809265137,5.2230000495910645,12.979999542236328,5.2230000495910645,13.279999732971191,0,0
2023-12-05,5.243000030517578,12.850000381469727,5.243000030517578,13.760000228881836,5.235000133514404,12.8100004196167,5.23799991607666,13.260000228881836,0,0
2023-12-06,5.243000030517578,12.970000267028809,5.244999885559082,13.029999732971191,5.239999771118164,12.640000343322754,5.244999885559082,12.779999732971191,0,0
2023-12-07,5.232999801635742,13.0600004196167,5.239999771118164,13.279999732971191,5.228000164031982,12.949999809265137,5.239999771118164,13.170000076293945,0,0
2023-12-08,5.232999801635742,12.350000381469727,5.235000133514404,13.239999771118164,5.208000183105469,12.350000381469727,5.230000019073486,13.140000343322754,0,0
2023-12-11,5.232999801635742,12.630000114440918,5.235000133514404,13.140000343322754,5.2230000495910645,12.609999656677246,5.235000133514404,13.050000190734863,0,0
2023-12-12,5.248000144958496,12.069999694824219,5.260000228881836,12.739999771118164,5.23799991607666,11.8100004196167,5.257999897003174,12.6899995803833,0,0
2023-12-13,5.2230000495910645,12.1899995803833,5.25,12.460000038146973,5.192999839782715,11.819999694824219,5.248000144958496,12.199999809265137,0,0
2023-12-14,5.215000152587891,12.479999542236328,5.215000152587891,12.739999771118164,5.199999809265137,11.84000015258789,5.204999923706055,11.960000038146973,0,0
2023-12-15,5.224999904632568,12.279999732971191,5.228000164031982,12.539999961853027,5.208000183105469,12.010000228881836,5.208000183105469,12.119999885559082,0,0
2023-12-18,5.224999904632568,12.5600004196167,5.230000019073486,12.640000343322754,5.2179999351501465,12.399999618530273,5.21999979019165,12.619999885559082,0,0
2023-12-19,5.23799991607666,12.529999732971191,5.243000030517578,12.600000381469727,5.235000133514404,12.329999923706055,5.243000030517578,12.600000381469727,0,0
2023-12-20,5.230000019073486,13.670000076293945,5.243000030517578,13.930000305175781,5.099999904632568,12.289999961853027,5.239999771118164,12.630000114440918,0,0
2023-12-21,5.210000038146973,13.649999618530273,5.21999979019165,14.489999771118164,5.204999923706055,13.34000015258789,5.21999979019165,13.399999618530273,0,0
2023-12-22,5.208000183105469,13.029999732971191,5.210000038146973,13.960000038146973,5.172999858856201,13.0,5.199999809265137,13.720000267028809,0,0
2023-12-26,5.203000068664551,12.989999771118164,5.2230000495910645,13.800000190734863,5.197999954223633,12.960000038146973,5.210000038146973,13.770000457763672,0,0
2023-12-27,5.235000133514404,12.430000305175781,5.235000133514404,13.039999961853027,5.099999904632568,12.369999885559082,5.230000019073486,13.020000457763672,0,0
2023-12-28,5.2179999351501465,12.470000267028809,5.228000164031982,12.649999618530273,5.2179999351501465,12.380000114440918,5.2179999351501465,12.4399995803833,0,0
2023-12-29,5.179999828338623,12.449999809265137,5.208000183105469,13.1899995803833,5.144999980926514,12.359999656677246,5.204999923706055,12.550000190734863,0,0
